w.speed,angle,Freq
0.0,0.0,0.000228310502284
0.0,3.0,0.000228310251142
0.0,6.0,0.000114155
0.0,9.0,0.00022831
0.0,12.0,0.000342465753426
0.0,18.0,0.000114155
0.0,21.0,0.00022831
0.0,27.0,0.000342465753426
0.0,30.0,0.000228310502284
0.0,33.0,0.000456621004568
0.0,39.0,0.000342465251142
0.0,42.0,0.00022831
0.0,45.0,0.000342465502284
0.0,48.0,0.000342465251142
0.0,57.0,0.000114155
0.0,60.0,0.000342465251142
0.0,63.0,0.000456620502284
0.0,66.0,0.000114155251142
0.0,69.0,0.000114155251142
0.0,72.0,0.000342465502284
0.0,75.0,0.000342465251142
0.0,78.0,0.000570776004568
0.0,87.0,0.000114155251142
0.0,90.0,0.000228310251142
0.0,93.0,0.000228310502284
0.0,96.0,0.000342465502284
0.0,99.0,0.000456620502284
0.0,102.0,0.000342465502284
0.0,105.0,0.000114155251142
0.0,111.0,0.000114155251142
0.0,114.0,0.000114155251142
0.0,117.0,0.000342465502284
0.0,120.0,0.000114155251142
0.0,123.0,0.000342465502284
0.0,126.0,0.000456620753426
0.0,129.0,0.000114155251142
0.0,132.0,0.000228310251142
0.0,141.0,0.000228310502284
0.0,144.0,0.000114155251142
0.0,153.0,0.000342465251142
0.0,156.0,0.00022831
0.0,159.0,0.000228310251142
0.0,162.0,0.000114155251142
0.0,165.0,0.000342465502284
0.0,168.0,0.000228310251142
0.0,171.0,0.00045662025114199997
0.0,177.0,0.000114155
0.0,183.0,0.000114155251142
0.0,186.0,0.0005707752511419999
0.0,189.0,0.000114155251142
0.0,195.0,0.000342465753426
0.0,198.0,0.000456620502284
0.0,201.0,0.000228310251142
0.0,204.0,0.000114155251142
0.0,207.0,0.000114155251142
0.0,210.0,0.000114155251142
0.0,213.0,0.000114155251142
0.0,216.0,0.0005707752511419999
0.0,219.0,0.000114155
0.0,222.0,0.000228310251142
0.0,225.0,0.000114155
0.0,228.0,0.000228310251142
0.0,231.0,0.000114155
0.0,234.0,0.000456620753426
0.0,237.0,0.000114155
0.0,240.0,0.000456620502284
0.0,243.0,0.000114155
0.0,252.0,0.000228310251142
0.0,255.0,0.000342465753426
0.0,258.0,0.00045662
0.0,261.0,0.000114155
0.0,264.0,0.000114155251142
0.0,267.0,0.000114155
0.0,270.0,0.000114155
0.0,273.0,0.000228310502284
0.0,276.0,0.000114155
0.0,279.0,0.000114155251142
0.0,282.0,0.000570775753426
0.0,285.0,0.000228310251142
0.0,288.0,0.000114155
0.0,291.0,0.000456621004568
0.0,297.0,0.000114155
0.0,300.0,0.000114155
0.0,303.0,0.000114155
0.0,309.0,0.000342465251142
0.0,312.0,0.000342465251142
0.0,315.0,0.000228310251142
0.0,318.0,0.00045662025114199997
0.0,321.0,0.000114155251142
0.0,324.0,0.000114155251142
0.0,327.0,0.000684930502284
0.0,333.0,0.000342465502284
0.0,339.0,0.000114155
0.0,348.0,0.000342465502284
0.0,354.0,0.000228310251142
0.0,357.0,0.000114155
1.0,0.0,0.001940637260278
1.0,3.0,0.001369862009136
1.0,6.0,0.001027395753426
1.0,9.0,0.000570776004568
1.0,12.0,0.001484016757994
1.0,15.0,0.00159817251142
1.0,18.0,0.000799086757994
1.0,21.0,0.001255707260278
1.0,24.0,0.002054792260278
1.0,27.0,0.00251141376713
1.0,30.0,0.001712326506852
1.0,33.0,0.001598172009136
1.0,36.0,0.001141551757994
1.0,39.0,0.001141551757994
1.0,42.0,0.00148401751142
1.0,45.0,0.001027395753426
1.0,48.0,0.000684931004568
1.0,51.0,0.000342465753426
1.0,54.0,0.001484017260278
1.0,57.0,0.001369862260278
1.0,60.0,0.0015981715068519998
1.0,63.0,0.00125570625571
1.0,66.0,0.0018264812557099999
1.0,69.0,0.001940638264846
1.0,72.0,0.00136986125571
1.0,75.0,0.001940636757994
1.0,78.0,0.001141551506852
1.0,81.0,0.00148401625571
1.0,84.0,0.00125570625571
1.0,87.0,0.001940637009136
1.0,90.0,0.00125570625571
1.0,93.0,0.00091324125571
1.0,96.0,0.00171232751142
1.0,99.0,0.00148401625571
1.0,102.0,0.001255705502284
1.0,105.0,0.001027395502284
1.0,108.0,0.001141551506852
1.0,111.0,0.001369862762562
1.0,114.0,0.000799086004568
1.0,117.0,0.001598171757994
1.0,120.0,0.001255706506852
1.0,123.0,0.001484016506852
1.0,126.0,0.001141551506852
1.0,129.0,0.001141552009136
1.0,132.0,0.001598172762562
1.0,135.0,0.001255706757994
1.0,138.0,0.001369861506852
1.0,141.0,0.000913241004568
1.0,144.0,0.00114155125571
1.0,147.0,0.001141552009136
1.0,150.0,0.000913241506852
1.0,153.0,0.000913241506852
1.0,156.0,0.00136986125571
1.0,159.0,0.00148401625571
1.0,162.0,0.001255706004568
1.0,165.0,0.00114155125571
1.0,168.0,0.001141551757994
1.0,171.0,0.001598171757994
1.0,174.0,0.001712327009136
1.0,177.0,0.001141551757994
1.0,180.0,0.001141551757994
1.0,183.0,0.001940637009136
1.0,186.0,0.00114155125571
1.0,189.0,0.001598172260278
1.0,192.0,0.001255705753426
1.0,195.0,0.00148401625571
1.0,198.0,0.001940637762562
1.0,201.0,0.001141551757994
1.0,204.0,0.001141551004568
1.0,207.0,0.002054791757994
1.0,210.0,0.001255706506852
1.0,213.0,0.001484016757994
1.0,216.0,0.002511412260278
1.0,219.0,0.002168948013704
1.0,222.0,0.00136986125571
1.0,225.0,0.001255705753426
1.0,228.0,0.0015981715068519998
1.0,231.0,0.001141551004568
1.0,234.0,0.001712327009136
1.0,237.0,0.001940636757994
1.0,240.0,0.001141551004568
1.0,243.0,0.001484016757994
1.0,246.0,0.001255707009136
1.0,249.0,0.001712326506852
1.0,252.0,0.0009132407534259999
1.0,255.0,0.000913241506852
1.0,258.0,0.0009132405022839999
1.0,261.0,0.001484016757994
1.0,264.0,0.0011415505022839998
1.0,267.0,0.001598171757994
1.0,270.0,0.001826482260278
1.0,273.0,0.000913241004568
1.0,276.0,0.001712326506852
1.0,279.0,0.001255707009136
1.0,282.0,0.0015981715068519998
1.0,285.0,0.00114155125571
1.0,288.0,0.00102739625571
1.0,291.0,0.001712326506852
1.0,294.0,0.00136986125571
1.0,297.0,0.001255706757994
1.0,300.0,0.001484016004568
1.0,303.0,0.002283102009136
1.0,306.0,0.0015981712557099998
1.0,309.0,0.001027396004568
1.0,312.0,0.001940637009136
1.0,315.0,0.001484017009136
1.0,318.0,0.0015981710045679999
1.0,321.0,0.001369862009136
1.0,324.0,0.0015981715068519998
1.0,327.0,0.001484017260278
1.0,330.0,0.0010273972602779999
1.0,333.0,0.001598171757994
1.0,336.0,0.001712327260278
1.0,339.0,0.0015981712557099998
1.0,342.0,0.001255706506852
1.0,345.0,0.002283102009136
1.0,348.0,0.0015981715068519998
1.0,351.0,0.001712326757994
1.0,354.0,0.00159817251142
1.0,357.0,0.00159817251142
1.0,360.0,0.000114155251142
2.0,0.0,0.00285387876713
2.0,3.0,0.002853878013704
2.0,6.0,0.002397257762562
2.0,9.0,0.002968034018272
2.0,12.0,0.002283102260278
2.0,15.0,0.0031963430137039997
2.0,18.0,0.002853879269414
2.0,21.0,0.003767120525124
2.0,24.0,0.003995429269414
2.0,27.0,0.00251141251142
2.0,30.0,0.002054792260278
2.0,33.0,0.0021689477625619997
2.0,36.0,0.0030821892694139997
2.0,39.0,0.0026255677625619997
2.0,42.0,0.001826482009136
2.0,45.0,0.0030821882648459998
2.0,48.0,0.002511414018272
2.0,51.0,0.002625569018272
2.0,54.0,0.002283102762562
2.0,57.0,0.00205479251142
2.0,60.0,0.001940637009136
2.0,63.0,0.001598171757994
2.0,66.0,0.002283101506852
2.0,69.0,0.00205479251142
2.0,72.0,0.0015981715068519998
2.0,75.0,0.00308218751142
2.0,78.0,0.00251141251142
2.0,81.0,0.002397258013704
2.0,84.0,0.003196344269414
2.0,87.0,0.002853879269414
2.0,90.0,0.001940637762562
2.0,93.0,0.00251141251142
2.0,96.0,0.002511412762562
2.0,99.0,0.001712327260278
2.0,102.0,0.002968033264846
2.0,105.0,0.001369862009136
2.0,108.0,0.0026255685159879997
2.0,111.0,0.001598171757994
2.0,114.0,0.002853877762562
2.0,117.0,0.002283103013704
2.0,120.0,0.003310497762562
2.0,123.0,0.002511411757994
2.0,126.0,0.002283102762562
2.0,129.0,0.002283102260278
2.0,132.0,0.002397259018272
2.0,135.0,0.002968033515988
2.0,138.0,0.00273972251142
2.0,141.0,0.002968032009136
2.0,144.0,0.002853878013704
2.0,147.0,0.00285387876713
2.0,150.0,0.002968032762562
2.0,153.0,0.002054792009136
2.0,156.0,0.00194063751142
2.0,159.0,0.002054791506852
2.0,162.0,0.0026255685159879997
2.0,165.0,0.0030821885159879998
2.0,168.0,0.002853878515988
2.0,171.0,0.002853879269414
2.0,174.0,0.002397257260278
2.0,177.0,0.0026255680137039997
2.0,180.0,0.0026255682648459997
2.0,183.0,0.0030821895205559997
2.0,186.0,0.002511413515988
2.0,189.0,0.00262556876713
2.0,192.0,0.00285387876713
2.0,195.0,0.002739723264846
2.0,198.0,0.002853878013704
2.0,201.0,0.002968033264846
2.0,204.0,0.001712327762562
2.0,207.0,0.0021689477625619997
2.0,210.0,0.002283103264846
2.0,213.0,0.00296803251142
2.0,216.0,0.002397257762562
2.0,219.0,0.002397258264846
2.0,222.0,0.003881274520556
2.0,225.0,0.00319634376713
2.0,228.0,0.002283104269414
2.0,231.0,0.002625569269414
2.0,234.0,0.0030821887671299997
2.0,237.0,0.001712326757994
2.0,240.0,0.003196343264846
2.0,243.0,0.003424654520556
2.0,246.0,0.002739723264846
2.0,249.0,0.002968034520556
2.0,252.0,0.003424654771698
2.0,255.0,0.0026255677625619997
2.0,258.0,0.00331049876713
2.0,261.0,0.002853878013704
2.0,264.0,0.00319634376713
2.0,267.0,0.003196344520556
2.0,270.0,0.003652964520556
2.0,273.0,0.003424654269414
2.0,276.0,0.003881275273982
2.0,279.0,0.002739723264846
2.0,282.0,0.002968033264846
2.0,285.0,0.00251141251142
2.0,288.0,0.002283102260278
2.0,291.0,0.002968034269414
2.0,294.0,0.002853878515988
2.0,297.0,0.002853879520556
2.0,300.0,0.00285387876713
2.0,303.0,0.002739723264846
2.0,306.0,0.004566205525124
2.0,309.0,0.0026255680137039997
2.0,312.0,0.0026255672602779998
2.0,315.0,0.003310497762562
2.0,318.0,0.00285387876713
2.0,321.0,0.002853878013704
2.0,324.0,0.002853878515988
2.0,327.0,0.00331049876713
2.0,330.0,0.0036529637671299997
2.0,333.0,0.003995429771698
2.0,336.0,0.00205479125571
2.0,339.0,0.003995430525124
2.0,342.0,0.002853879018272
2.0,345.0,0.00331050002284
2.0,348.0,0.00319634376713
2.0,351.0,0.0030821892694139997
2.0,354.0,0.0026255677625619997
2.0,357.0,0.003424655273982
2.0,360.0,0.000114155
3.0,0.0,0.0035388097716979997
3.0,3.0,0.0042237407762659995
3.0,6.0,0.003424653264846
3.0,9.0,0.003310499771698
3.0,12.0,0.005479448036544
3.0,15.0,0.003881274771698
3.0,18.0,0.003881273515988
3.0,21.0,0.004109584771698
3.0,24.0,0.002853878515988
3.0,27.0,0.004566205776266
3.0,30.0,0.005365291780834
3.0,33.0,0.003196344520556
3.0,36.0,0.003310499018272
3.0,39.0,0.003424654018272
3.0,42.0,0.0026255682648459997
3.0,45.0,0.004337894771698
3.0,48.0,0.003196343515988
3.0,51.0,0.002397257260278
3.0,54.0,0.002968032762562
3.0,57.0,0.00262556876713
3.0,60.0,0.00331049751142
3.0,63.0,0.002739722762562
3.0,66.0,0.00342465251142
3.0,69.0,0.004109584269414
3.0,72.0,0.002968034018272
3.0,75.0,0.00239725751142
3.0,78.0,0.00331049876713
3.0,81.0,0.0035388092694139998
3.0,84.0,0.0021689472602779997
3.0,87.0,0.0030821882648459998
3.0,90.0,0.00205479251142
3.0,93.0,0.0030821885159879998
3.0,96.0,0.0021689475114199997
3.0,99.0,0.0026255682648459997
3.0,102.0,0.0015981712557099998
3.0,105.0,0.003310498515988
3.0,108.0,0.002511413515988
3.0,111.0,0.002397258264846
3.0,114.0,0.003082190273982
3.0,117.0,0.002739723013704
3.0,120.0,0.002739722762562
3.0,123.0,0.002739723515988
3.0,126.0,0.003881275273982
3.0,129.0,0.00296803376713
3.0,132.0,0.003196344269414
3.0,135.0,0.002968033264846
3.0,138.0,0.002853878264846
3.0,141.0,0.00331049876713
3.0,144.0,0.0021689475114199997
3.0,147.0,0.001484016506852
3.0,150.0,0.003881274269414
3.0,153.0,0.003424654771698
3.0,156.0,0.0030821890182719997
3.0,159.0,0.002397257762562
3.0,162.0,0.0052511365296919995
3.0,165.0,0.00331049876713
3.0,168.0,0.0030821887671299997
3.0,171.0,0.003196344771698
3.0,174.0,0.003881275273982
3.0,177.0,0.00342465502284
3.0,180.0,0.0042237402739819995
3.0,183.0,0.003652964018272
3.0,186.0,0.0036529637671299997
3.0,189.0,0.004337896027408
3.0,192.0,0.00388127502284
3.0,195.0,0.00422374002284
3.0,198.0,0.005479446529692
3.0,201.0,0.003767119520556
3.0,204.0,0.003310499520556
3.0,207.0,0.003995429771698
3.0,210.0,0.002968033264846
3.0,213.0,0.003310499269414
3.0,216.0,0.003652964018272
3.0,219.0,0.002739723264846
3.0,222.0,0.0042237397716979996
3.0,225.0,0.004109585273982
3.0,228.0,0.003995429520556
3.0,231.0,0.003995430273982
3.0,234.0,0.003881275525124
3.0,237.0,0.00376712002284
3.0,240.0,0.0030821895205559997
3.0,243.0,0.004109586027408
3.0,246.0,0.004452050776266
3.0,249.0,0.003310499018272
3.0,252.0,0.0036529627625619997
3.0,255.0,0.0035388097716979997
3.0,258.0,0.003995429520556
3.0,261.0,0.0035388090182719998
3.0,264.0,0.003310498515988
3.0,267.0,0.004109584771698
3.0,270.0,0.0036529635159879997
3.0,273.0,0.003424655273982
3.0,276.0,0.004794516780834
3.0,279.0,0.0035388100228399997
3.0,282.0,0.00468036127855
3.0,285.0,0.004223739269414
3.0,288.0,0.003652964520556
3.0,291.0,0.003196344269414
3.0,294.0,0.0021689475114199997
3.0,297.0,0.003767120525124
3.0,300.0,0.003652964269414
3.0,303.0,0.00342465376713
3.0,306.0,0.005707757031976
3.0,309.0,0.004908672031976
3.0,312.0,0.003995429520556
3.0,315.0,0.004566206529692
3.0,318.0,0.0042237397716979996
3.0,321.0,0.005479446027408
3.0,324.0,0.004452049269414
3.0,327.0,0.005593600525124
3.0,330.0,0.004680361780834
3.0,333.0,0.00445205002284
3.0,336.0,0.004566207031976
3.0,339.0,0.004109586027408
3.0,342.0,0.0057077577854019994
3.0,345.0,0.00399543002284
3.0,348.0,0.00479451753426
3.0,351.0,0.005593601529692
3.0,354.0,0.00445205002284
3.0,357.0,0.00513698127855
3.0,360.0,0.000114155
4.0,0.0,0.00479451502284
4.0,3.0,0.005593601780834
4.0,6.0,0.004680360776266
4.0,9.0,0.005821912283118
4.0,12.0,0.003310500273982
4.0,15.0,0.0043378955251239994
4.0,18.0,0.002511414018272
4.0,21.0,0.004109585525124
4.0,24.0,0.003652964771698
4.0,27.0,0.00422374002284
4.0,30.0,0.003881274269414
4.0,33.0,0.00388127502284
4.0,36.0,0.00468036127855
4.0,39.0,0.003652964018272
4.0,42.0,0.003652964269414
4.0,45.0,0.003196343264846
4.0,48.0,0.003424654269414
4.0,51.0,0.003424654771698
4.0,54.0,0.003424654018272
4.0,57.0,0.003767118264846
4.0,60.0,0.001826483013704
4.0,63.0,0.002283102762562
4.0,66.0,0.002853878264846
4.0,69.0,0.002739723264846
4.0,72.0,0.001712326757994
4.0,75.0,0.003310499018272
4.0,78.0,0.00273972376713
4.0,81.0,0.00296803376713
4.0,84.0,0.002054792260278
4.0,87.0,0.0021689465068519998
4.0,90.0,0.00319634376713
4.0,93.0,0.0035388092694139998
4.0,96.0,0.00308218751142
4.0,99.0,0.00251141251142
4.0,102.0,0.0026255677625619997
4.0,105.0,0.002283102009136
4.0,108.0,0.002739722762562
4.0,111.0,0.0030821885159879998
4.0,114.0,0.003652964771698
4.0,117.0,0.002739723264846
4.0,120.0,0.003424654520556
4.0,123.0,0.003424653013704
4.0,126.0,0.002397257762562
4.0,129.0,0.00388127376713
4.0,132.0,0.0027397215068519997
4.0,135.0,0.003424654520556
4.0,138.0,0.00376711876713
4.0,141.0,0.003424654018272
4.0,144.0,0.0030821890182719997
4.0,147.0,0.00456620502284
4.0,150.0,0.003196343515988
4.0,153.0,0.0030821882648459998
4.0,156.0,0.003881275273982
4.0,159.0,0.004109585273982
4.0,162.0,0.0061643775342599995
4.0,165.0,0.004223741027408
4.0,168.0,0.0035388100228399997
4.0,171.0,0.00456620502284
4.0,174.0,0.004337895273982
4.0,177.0,0.005022825525124
4.0,180.0,0.004452051529692
4.0,183.0,0.006392689292254
4.0,186.0,0.0046803615296919995
4.0,189.0,0.005593602785402
4.0,192.0,0.00593606753426
4.0,195.0,0.005593601780834
4.0,198.0,0.004908671027408
4.0,201.0,0.005707758036544
4.0,204.0,0.006050223036544
4.0,207.0,0.0047945162785499994
4.0,210.0,0.00559360127855
4.0,213.0,0.003995431780834
4.0,216.0,0.004109585776266
4.0,219.0,0.003767120273982
4.0,222.0,0.003881275273982
4.0,225.0,0.006735153538827999
4.0,228.0,0.004680362785402
4.0,231.0,0.004337896529692
4.0,234.0,0.00525113878997
4.0,237.0,0.00445205002284
4.0,240.0,0.00433789627855
4.0,243.0,0.004223741027408
4.0,246.0,0.0043378955251239994
4.0,249.0,0.0035388097716979997
4.0,252.0,0.003881275273982
4.0,255.0,0.00353881127855
4.0,258.0,0.00399543127855
4.0,261.0,0.00502282753426
4.0,264.0,0.005136980776266
4.0,267.0,0.004794516529692
4.0,270.0,0.0046803610274079996
4.0,273.0,0.004452050273982
4.0,276.0,0.004566205273982
4.0,279.0,0.005821911780834
4.0,282.0,0.004109585525124
4.0,285.0,0.00536529127855
4.0,288.0,0.0036529635159879997
4.0,291.0,0.00559360002284
4.0,294.0,0.003881275525124
4.0,297.0,0.006278533538828
4.0,300.0,0.006050223538828
4.0,303.0,0.007191774292253999
4.0,306.0,0.0062785307762659994
4.0,309.0,0.006506843538828
4.0,312.0,0.006392688538828
4.0,315.0,0.0066209982876859995
4.0,318.0,0.0060502232876859996
4.0,321.0,0.005936068036544
4.0,324.0,0.006164379292254
4.0,327.0,0.007305929794538
4.0,330.0,0.006278534292254
4.0,333.0,0.005936068287686
4.0,336.0,0.00639269004568
4.0,339.0,0.005936069041112
4.0,342.0,0.00662100004568
4.0,345.0,0.006849307283118
4.0,348.0,0.00742008378997
4.0,351.0,0.006392688036544
4.0,354.0,0.006849307785402
4.0,357.0,0.006392688287686
4.0,360.0,0.000342465753426
5.0,0.0,0.0061643785388279995
5.0,3.0,0.005593602031976
5.0,6.0,0.006849306278549999
5.0,9.0,0.0057077572831179995
5.0,12.0,0.005136981027408
5.0,15.0,0.0042237397716979996
5.0,18.0,0.00365296502284
5.0,21.0,0.005821911529691999
5.0,24.0,0.004223740525124
5.0,27.0,0.00593606753426
5.0,30.0,0.004223739269414
5.0,33.0,0.002397257762562
5.0,36.0,0.00365296502284
5.0,39.0,0.003652965525124
5.0,42.0,0.003767119018272
5.0,45.0,0.0031963420091359997
5.0,48.0,0.004109584771698
5.0,51.0,0.003196343515988
5.0,54.0,0.002397257762562
5.0,57.0,0.0035388105251239997
5.0,60.0,0.002511413515988
5.0,63.0,0.003767119771698
5.0,66.0,0.0030821880137039998
5.0,69.0,0.002511414018272
5.0,72.0,0.001940637009136
5.0,75.0,0.002054792762562
5.0,78.0,0.002968034269414
5.0,81.0,0.00262556876713
5.0,84.0,0.002853879520556
5.0,87.0,0.002283103013704
5.0,90.0,0.00251141376713
5.0,93.0,0.0021689470091359997
5.0,96.0,0.001940637762562
5.0,99.0,0.002739723515988
5.0,102.0,0.001940636757994
5.0,105.0,0.00342465376713
5.0,108.0,0.002853878515988
5.0,111.0,0.0030821882648459998
5.0,114.0,0.002739722762562
5.0,117.0,0.002511413013704
5.0,120.0,0.0021689470091359997
5.0,123.0,0.003652964520556
5.0,126.0,0.00353880751142
5.0,129.0,0.004566205525124
5.0,132.0,0.0036529632648459997
5.0,135.0,0.004452051529692
5.0,138.0,0.0035388095205559997
5.0,141.0,0.003196343515988
5.0,144.0,0.0035388095205559997
5.0,147.0,0.003767119771698
5.0,150.0,0.0042237407762659995
5.0,153.0,0.00490867127855
5.0,156.0,0.002968033515988
5.0,159.0,0.005593602031976
5.0,162.0,0.004680362283118
5.0,165.0,0.0052511365296919995
5.0,168.0,0.005936067785402
5.0,171.0,0.005707758036544
5.0,174.0,0.006392689794538
5.0,177.0,0.006050222785402
5.0,180.0,0.0047945162785499994
5.0,183.0,0.005251135776266
5.0,186.0,0.007534241803673999
5.0,189.0,0.00696346378997
5.0,192.0,0.006278531529692
5.0,195.0,0.005365292785402
5.0,198.0,0.00684930753426
5.0,201.0,0.005593603287686
5.0,204.0,0.00684931004568
5.0,207.0,0.006050223538828
5.0,210.0,0.00525113753426
5.0,213.0,0.003881276780834
5.0,216.0,0.00388127502284
5.0,219.0,0.00547944753426
5.0,222.0,0.004452050776266
5.0,225.0,0.005593601780834
5.0,228.0,0.003424654520556
5.0,231.0,0.00456620753426
5.0,234.0,0.00513698127855
5.0,237.0,0.003652964771698
5.0,240.0,0.002853878264846
5.0,243.0,0.005936066780834
5.0,246.0,0.0043378955251239994
5.0,249.0,0.006735154794538
5.0,252.0,0.00399543127855
5.0,255.0,0.005479446529692
5.0,258.0,0.004109584771698
5.0,261.0,0.005136981529692
5.0,264.0,0.004794516027408
5.0,267.0,0.005936069292254
5.0,270.0,0.005136983036544
5.0,273.0,0.005936067031976
5.0,276.0,0.003881276027408
5.0,279.0,0.005365290525124
5.0,282.0,0.004794515525124
5.0,285.0,0.004908671027408
5.0,288.0,0.0060502237899699995
5.0,291.0,0.004337897031976
5.0,294.0,0.006050223036544
5.0,297.0,0.008333325547964
5.0,300.0,0.00547944753426
5.0,303.0,0.007990862054816
5.0,306.0,0.006050223036544
5.0,309.0,0.007990860547964
5.0,312.0,0.0087899475571
5.0,315.0,0.006735154292254
5.0,318.0,0.00616437878997
5.0,321.0,0.007762550296822
5.0,324.0,0.006735155296822
5.0,327.0,0.00662100004568
5.0,330.0,0.00616437878997
5.0,333.0,0.007762549794538
5.0,336.0,0.006849309292254
5.0,339.0,0.007876704292254
5.0,342.0,0.0101598075571
5.0,345.0,0.008447482808242
5.0,348.0,0.006506843287686
5.0,351.0,0.00684930878997
5.0,354.0,0.006164376780834
5.0,357.0,0.0070776195433959995
5.0,360.0,0.000114155
6.0,0.0,0.006963461780834
6.0,3.0,0.006963461780834
6.0,6.0,0.00582191127855
6.0,9.0,0.005936066780834
6.0,12.0,0.005022825273982
6.0,15.0,0.00479451502284
6.0,18.0,0.004680360525124
6.0,21.0,0.003881272762562
6.0,24.0,0.00273972251142
6.0,27.0,0.00273972376713
6.0,30.0,0.003881274269414
6.0,33.0,0.004452049018272
6.0,36.0,0.002739723264846
6.0,39.0,0.002968034520556
6.0,42.0,0.0030821890182719997
6.0,45.0,0.00273972251142
6.0,48.0,0.002853876757994
6.0,51.0,0.0026255682648459997
6.0,54.0,0.003424653515988
6.0,57.0,0.002283102260278
6.0,60.0,0.00205479251142
6.0,63.0,0.0026255675114199998
6.0,66.0,0.001484017260278
6.0,69.0,0.001826483013704
6.0,72.0,0.0035388105251239997
6.0,75.0,0.0018264817579939998
6.0,78.0,0.001826482260278
6.0,81.0,0.002283102762562
6.0,84.0,0.002853879269414
6.0,87.0,0.002511413264846
6.0,90.0,0.00273972376713
6.0,93.0,0.002397257762562
6.0,96.0,0.002511413264846
6.0,99.0,0.0021689470091359997
6.0,102.0,0.002968034018272
6.0,105.0,0.0030821882648459998
6.0,108.0,0.002853878264846
6.0,111.0,0.003995429520556
6.0,114.0,0.003310499269414
6.0,117.0,0.00410958376713
6.0,120.0,0.003310498515988
6.0,123.0,0.00331049876713
6.0,126.0,0.0030821892694139997
6.0,129.0,0.003995430273982
6.0,132.0,0.0035388090182719998
6.0,135.0,0.004109585776266
6.0,138.0,0.004109585525124
6.0,141.0,0.005479447031976
6.0,144.0,0.003995429520556
6.0,147.0,0.004109585776266
6.0,150.0,0.004680360525124
6.0,153.0,0.003881276780834
6.0,156.0,0.005593603287686
6.0,159.0,0.0035388105251239997
6.0,162.0,0.005251137283118
6.0,165.0,0.005821911780834
6.0,168.0,0.006849307031976
6.0,171.0,0.005022826529692
6.0,174.0,0.00787670504568
6.0,177.0,0.00696346504568
6.0,180.0,0.006392689041112
6.0,183.0,0.00856163881281
6.0,186.0,0.0065068440411119996
6.0,189.0,0.00605022253426
6.0,192.0,0.007648395296822
6.0,195.0,0.00821917004568
6.0,198.0,0.006849308036544
6.0,201.0,0.0051369827854019995
6.0,204.0,0.00650684378997
6.0,207.0,0.006050223036544
6.0,210.0,0.0047945152739819995
6.0,213.0,0.00502282502284
6.0,216.0,0.00388127502284
6.0,219.0,0.004680360525124
6.0,222.0,0.0046803620319759995
6.0,225.0,0.006278533036544
6.0,228.0,0.006050220525124
6.0,231.0,0.006849308036544
6.0,234.0,0.004794516027408
6.0,237.0,0.007534238538828
6.0,240.0,0.005136981027408
6.0,243.0,0.005593601529692
6.0,246.0,0.006050222031976
6.0,249.0,0.006050221529692
6.0,252.0,0.005479445525124
6.0,255.0,0.005821910776266
6.0,258.0,0.005479445273982
6.0,261.0,0.006050220525124
6.0,264.0,0.006278530525124
6.0,267.0,0.00502282502284
6.0,270.0,0.004794516027408
6.0,273.0,0.006164377283118
6.0,276.0,0.004566206027408
6.0,279.0,0.0057077567808339995
6.0,282.0,0.0061643775342599995
6.0,285.0,0.00627853253426
6.0,288.0,0.005365293287686
6.0,291.0,0.006963464794538
6.0,294.0,0.005936069543396
6.0,297.0,0.006050223538828
6.0,300.0,0.008675792808242
6.0,303.0,0.008219168287685999
6.0,306.0,0.007990862808241999
6.0,309.0,0.00742008504568
6.0,312.0,0.00913241381281
6.0,315.0,0.0070776205479639994
6.0,318.0,0.007077620296822
6.0,321.0,0.007648396803674
6.0,324.0,0.007077619292254
6.0,327.0,0.008789946803674
6.0,330.0,0.010045654315094
6.0,333.0,0.009018259315094
6.0,336.0,0.010388120570804
6.0,339.0,0.010958897328798
6.0,342.0,0.00924656630139
6.0,345.0,0.010958895821945999
6.0,348.0,0.008447480799106
6.0,351.0,0.00787670630139
6.0,354.0,0.009360721803674
6.0,357.0,0.007191774543396
6.0,360.0,0.000342465251142
7.0,0.0,0.0066209972831179995
7.0,3.0,0.007762548538828
7.0,6.0,0.0061643770319759995
7.0,9.0,0.00547944627855
7.0,12.0,0.00410958502284
7.0,15.0,0.002397258264846
7.0,18.0,0.003424654269414
7.0,21.0,0.002968032762562
7.0,24.0,0.002283102260278
7.0,27.0,0.002968033264846
7.0,30.0,0.002397257762562
7.0,33.0,0.00205479251142
7.0,36.0,0.00216894876713
7.0,39.0,0.001940637762562
7.0,42.0,0.001598172762562
7.0,45.0,0.001369861506852
7.0,48.0,0.00102739625571
7.0,51.0,0.00114155125571
7.0,54.0,0.001712326757994
7.0,57.0,0.00148401625571
7.0,60.0,0.001826482260278
7.0,63.0,0.001369862009136
7.0,66.0,0.001712327009136
7.0,69.0,0.001484017009136
7.0,72.0,0.000913241506852
7.0,75.0,0.001598172762562
7.0,78.0,0.002054793013704
7.0,81.0,0.00205479251142
7.0,84.0,0.002168948515988
7.0,87.0,0.002739724269414
7.0,90.0,0.002739724269414
7.0,93.0,0.0021689477625619997
7.0,96.0,0.003196343264846
7.0,99.0,0.003196345273982
7.0,102.0,0.00239725876713
7.0,105.0,0.00273972376713
7.0,108.0,0.001712326757994
7.0,111.0,0.003652965525124
7.0,114.0,0.003767119018272
7.0,117.0,0.004452050776266
7.0,120.0,0.00331049876713
7.0,123.0,0.004223739018272
7.0,126.0,0.003995429018272
7.0,129.0,0.002511412762562
7.0,132.0,0.00468036002284
7.0,135.0,0.004908670776266
7.0,138.0,0.0035388090182719998
7.0,141.0,0.0042237412785499995
7.0,144.0,0.00422374002284
7.0,147.0,0.00456620502284
7.0,150.0,0.005936066780834
7.0,153.0,0.004566205525124
7.0,156.0,0.005479446780834
7.0,159.0,0.006963462785402
7.0,162.0,0.005593602785402
7.0,165.0,0.00445205127855
7.0,168.0,0.006392688036544
7.0,171.0,0.0070776185388279995
7.0,174.0,0.007648396552532
7.0,177.0,0.006849309292254
7.0,180.0,0.007077620296822
7.0,183.0,0.007077619292254
7.0,186.0,0.007420083036544
7.0,189.0,0.006849308538828
7.0,192.0,0.008105016050248
7.0,195.0,0.00639268753426
7.0,198.0,0.007420084794538
7.0,201.0,0.0061643785388279995
7.0,204.0,0.008219168538828
7.0,207.0,0.007762549543396
7.0,210.0,0.00696346504568
7.0,213.0,0.005251135776266
7.0,216.0,0.0076483925342599995
7.0,219.0,0.005936067785402
7.0,222.0,0.006506842283118
7.0,225.0,0.006050222283118
7.0,228.0,0.005821910273982
7.0,231.0,0.005479445776266
7.0,234.0,0.00410958502284
7.0,237.0,0.004908670273982
7.0,240.0,0.004337893264846
7.0,243.0,0.004452048515988
7.0,246.0,0.0062785307762659994
7.0,249.0,0.004566204018272
7.0,252.0,0.005251135273982
7.0,255.0,0.0062785302739819995
7.0,258.0,0.005479444520556
7.0,261.0,0.005136980273982
7.0,264.0,0.005593600525124
7.0,267.0,0.004109585776266
7.0,270.0,0.007077618287686
7.0,273.0,0.005136980525124
7.0,276.0,0.0057077567808339995
7.0,279.0,0.006278534041112
7.0,282.0,0.0047945157762659995
7.0,285.0,0.005707757031976
7.0,288.0,0.0051369822831179995
7.0,291.0,0.005365294292254
7.0,294.0,0.00593606878997
7.0,297.0,0.00502282753426
7.0,300.0,0.00513698253426
7.0,303.0,0.006621000296821999
7.0,306.0,0.007762552808242
7.0,309.0,0.0069634663013899995
7.0,312.0,0.00719177504568
7.0,315.0,0.008105014292254
7.0,318.0,0.006050222283118
7.0,321.0,0.006963462283118
7.0,324.0,0.00833332630139
7.0,327.0,0.00981734632423
7.0,330.0,0.009703187808242
7.0,333.0,0.010958897328798
7.0,336.0,0.01130136132423
7.0,339.0,0.011757983333366
7.0,342.0,0.011187206073087999
7.0,345.0,0.011187204566236
7.0,348.0,0.010502274566236
7.0,351.0,0.00799086004568
7.0,354.0,0.00810501378997
7.0,357.0,0.0066209992922539995
8.0,0.0,0.006050221780834
8.0,3.0,0.006620996027408
8.0,6.0,0.0057077547716979996
8.0,9.0,0.003767120273982
8.0,12.0,0.004794516529692
8.0,15.0,0.0035388090182719998
8.0,18.0,0.003652964018272
8.0,21.0,0.002853877762562
8.0,24.0,0.002168948264846
8.0,27.0,0.001369862009136
8.0,30.0,0.0026255677625619997
8.0,33.0,0.002054792260278
8.0,36.0,0.000342465502284
8.0,39.0,0.001369861757994
8.0,42.0,0.001712326506852
8.0,45.0,0.0015981712557099998
8.0,48.0,0.0006849302511419999
8.0,51.0,0.00079908625571
8.0,54.0,0.00057077625571
8.0,57.0,0.001712327009136
8.0,60.0,0.0015981715068519998
8.0,63.0,0.00091324125571
8.0,66.0,0.00148401751142
8.0,69.0,0.001027396004568
8.0,72.0,0.001369862260278
8.0,75.0,0.000913241004568
8.0,78.0,0.001027395251142
8.0,81.0,0.001027396004568
8.0,84.0,0.001712327762562
8.0,87.0,0.00148401751142
8.0,90.0,0.001255706757994
8.0,93.0,0.001940637762562
8.0,96.0,0.002397258515988
8.0,99.0,0.001826482260278
8.0,102.0,0.002968033264846
8.0,105.0,0.002739724771698
8.0,108.0,0.002739723515988
8.0,111.0,0.004109585273982
8.0,114.0,0.00468035876713
8.0,117.0,0.003424655525124
8.0,120.0,0.0042237402739819995
8.0,123.0,0.00422374002284
8.0,126.0,0.00410958502284
8.0,129.0,0.00410958502284
8.0,132.0,0.005479445776266
8.0,135.0,0.004452051027408
8.0,138.0,0.003652964018272
8.0,141.0,0.004566204520556
8.0,144.0,0.0042237402739819995
8.0,147.0,0.004908670273982
8.0,150.0,0.0036529632648459997
8.0,153.0,0.00399543002284
8.0,156.0,0.005707756529692
8.0,159.0,0.006506842031976
8.0,162.0,0.006392689292254
8.0,165.0,0.006735153287686
8.0,168.0,0.006963463538828
8.0,171.0,0.006963464041112
8.0,174.0,0.00650684378997
8.0,177.0,0.0070776205479639994
8.0,180.0,0.008789946050248
8.0,183.0,0.00924656630139
8.0,186.0,0.008447480296822
8.0,189.0,0.00821917004568
8.0,192.0,0.007762548036544
8.0,195.0,0.007648394543395999
8.0,198.0,0.009703186552532
8.0,201.0,0.006278534794538
8.0,204.0,0.009703185296821999
8.0,207.0,0.0075342382876859995
8.0,210.0,0.008333325799106
8.0,213.0,0.006735152283118
8.0,216.0,0.006849308538828
8.0,219.0,0.00707761878997
8.0,222.0,0.00479451502284
8.0,225.0,0.005707757031976
8.0,228.0,0.005251135273982
8.0,231.0,0.005022825273982
8.0,234.0,0.004680360525124
8.0,237.0,0.005022824520556
8.0,240.0,0.0057077552739819995
8.0,243.0,0.005479445525124
8.0,246.0,0.004566204771698
8.0,249.0,0.005365290273981999
8.0,252.0,0.005479445776266
8.0,255.0,0.005821910776266
8.0,258.0,0.006050221027408
8.0,261.0,0.004680359269414
8.0,264.0,0.005593602283118
8.0,267.0,0.006392687031976
8.0,270.0,0.006849308036544
8.0,273.0,0.005251135273982
8.0,276.0,0.005251135273982
8.0,279.0,0.004566205525124
8.0,282.0,0.0066209987899699995
8.0,285.0,0.00616437627855
8.0,288.0,0.00547944627855
8.0,291.0,0.0055936040411119995
8.0,294.0,0.007648394292254
8.0,297.0,0.004109586027408
8.0,300.0,0.005821912031976
8.0,303.0,0.005022827031976
8.0,306.0,0.004908671780834
8.0,309.0,0.006620999041112
8.0,312.0,0.008447482808242
8.0,315.0,0.008904101050248
8.0,318.0,0.008904099543396
8.0,321.0,0.008333326803674
8.0,324.0,0.008105018059384
8.0,327.0,0.008561639315094
8.0,330.0,0.013812778858489999
8.0,333.0,0.011529670570804
8.0,336.0,0.013127842328798
8.0,339.0,0.013356153333365999
8.0,342.0,0.012899530570803999
8.0,345.0,0.011872138082224
8.0,348.0,0.011187208333366
8.0,351.0,0.008789948310526
8.0,354.0,0.008904100547964
8.0,357.0,0.008561634794538
9.0,0.0,0.006506841027408
9.0,3.0,0.00547944627855
9.0,6.0,0.005821912031976
9.0,9.0,0.0043378955251239994
9.0,12.0,0.003310498515988
9.0,15.0,0.004223739018272
9.0,18.0,0.001826482260278
9.0,21.0,0.002168948515988
9.0,24.0,0.00148401625571
9.0,27.0,0.001484016506852
9.0,30.0,0.00194063751142
9.0,33.0,0.000913241004568
9.0,36.0,0.001484017260278
9.0,39.0,0.000342465251142
9.0,42.0,0.0009132407534259999
9.0,45.0,0.00102739625571
9.0,48.0,0.001598171757994
9.0,51.0,0.0005707752511419999
9.0,54.0,0.00125570625571
9.0,57.0,0.000456620502284
9.0,60.0,0.0007990857534259999
9.0,63.0,0.0015981715068519998
9.0,66.0,0.0009132405022839999
9.0,69.0,0.0009132405022839999
9.0,72.0,0.0009132407534259999
9.0,75.0,0.0007990857534259999
9.0,78.0,0.001255706757994
9.0,81.0,0.001027396757994
9.0,84.0,0.002168948013704
9.0,87.0,0.00091324125571
9.0,90.0,0.001484016757994
9.0,93.0,0.001712327009136
9.0,96.0,0.002054793515988
9.0,99.0,0.003196344018272
9.0,102.0,0.00262556876713
9.0,105.0,0.0043378940182719995
9.0,108.0,0.003310497762562
9.0,111.0,0.003767119520556
9.0,114.0,0.003767119771698
9.0,117.0,0.002853878013704
9.0,120.0,0.0042237407762659995
9.0,123.0,0.005136980776266
9.0,126.0,0.003310498013704
9.0,129.0,0.003652964269414
9.0,132.0,0.003652964018272
9.0,135.0,0.00536529002284
9.0,138.0,0.005593601529692
9.0,141.0,0.003424653515988
9.0,144.0,0.003995430273982
9.0,147.0,0.00582191378997
9.0,150.0,0.004337894771698
9.0,153.0,0.0047945147716979995
9.0,156.0,0.006278532785402
9.0,159.0,0.0061643780365439995
9.0,162.0,0.006735153287686
9.0,165.0,0.009246567054816
9.0,168.0,0.009703185799106
9.0,171.0,0.007762549543396
9.0,174.0,0.010502275570804
9.0,177.0,0.007534241050248
9.0,180.0,0.008447481803674
9.0,183.0,0.009246567808242
9.0,186.0,0.009360720799106
9.0,189.0,0.009931497808242
9.0,192.0,0.009360719794538
9.0,195.0,0.007077617785402
9.0,198.0,0.007191773789969999
9.0,201.0,0.0076483935388279994
9.0,204.0,0.007305929794538
9.0,207.0,0.006506842283118
9.0,210.0,0.005365291529692
9.0,213.0,0.005365292785402
9.0,216.0,0.00639268878997
9.0,219.0,0.007762551050248
9.0,222.0,0.005479448036544
9.0,225.0,0.005821912785402
9.0,228.0,0.005136982031976
9.0,231.0,0.00650684378997
9.0,234.0,0.006050222031976
9.0,237.0,0.00570775753426
9.0,240.0,0.004908668264846
9.0,243.0,0.004908670273982
9.0,246.0,0.004794516027408
9.0,249.0,0.00490867002284
9.0,252.0,0.00445205002284
9.0,255.0,0.004908669269414
9.0,258.0,0.0047945147716979995
9.0,261.0,0.004908670776266
9.0,264.0,0.00547944753426
9.0,267.0,0.006849306529692
9.0,270.0,0.004908669520555999
9.0,273.0,0.007420084543396
9.0,276.0,0.0060502237899699995
9.0,279.0,0.006050222031976
9.0,282.0,0.006278533036544
9.0,285.0,0.004452050273982
9.0,288.0,0.005821910273982
9.0,291.0,0.005821913538828
9.0,294.0,0.00547944627855
9.0,297.0,0.004566205273982
9.0,300.0,0.003881275525124
9.0,303.0,0.003652964520556
9.0,306.0,0.003310499018272
9.0,309.0,0.0035388097716979997
9.0,312.0,0.005365290273981999
9.0,315.0,0.005821911529691999
9.0,318.0,0.00753424004568
9.0,321.0,0.008105015799106
9.0,324.0,0.00673515378997
9.0,327.0,0.007191775296822
9.0,330.0,0.011187209337934
9.0,333.0,0.012671223082223999
9.0,336.0,0.012899532077656
9.0,339.0,0.014041086347069999
9.0,342.0,0.013013688082223999
9.0,345.0,0.012100448082224
9.0,348.0,0.010730585570804
9.0,351.0,0.009931499063952
9.0,354.0,0.008447480799106
9.0,357.0,0.008561633287685999
9.0,360.0,0.000114155251142
10.0,0.0,0.006506843287686
10.0,3.0,0.0071917727854019994
10.0,6.0,0.0057077562785499995
10.0,9.0,0.005479447031976
10.0,12.0,0.004109584269414
10.0,15.0,0.003881274520556
10.0,18.0,0.0021689467579939998
10.0,21.0,0.002283102762562
10.0,24.0,0.001027395753426
10.0,27.0,0.0009132405022839999
10.0,30.0,0.00091324125571
10.0,33.0,0.000684930753426
10.0,36.0,0.001255706004568
10.0,39.0,0.00114155125571
10.0,42.0,0.00136986125571
10.0,45.0,0.000684931004568
10.0,48.0,0.0009132407534259999
10.0,51.0,0.001598172009136
10.0,54.0,0.0006849302511419999
10.0,57.0,0.0005707752511419999
10.0,60.0,0.000684931004568
10.0,63.0,0.0006849302511419999
10.0,66.0,0.000684930753426
10.0,69.0,0.000456620502284
10.0,72.0,0.001141551757994
10.0,75.0,0.001484017009136
10.0,78.0,0.001255706506852
10.0,81.0,0.001255707009136
10.0,84.0,0.0010273970091359999
10.0,87.0,0.001027396506852
10.0,90.0,0.001598171757994
10.0,93.0,0.001826482260278
10.0,96.0,0.001369862260278
10.0,99.0,0.00148401625571
10.0,102.0,0.0030821885159879998
10.0,105.0,0.002283103013704
10.0,108.0,0.002054792009136
10.0,111.0,0.003652964520556
10.0,114.0,0.004223738264846
10.0,117.0,0.00502282502284
10.0,120.0,0.003767119520556
10.0,123.0,0.002853878515988
10.0,126.0,0.005936067283118
10.0,129.0,0.004109584018272
10.0,132.0,0.006050222031976
10.0,135.0,0.00662099753426
10.0,138.0,0.003767118264846
10.0,141.0,0.004566204520556
10.0,144.0,0.004680361780834
10.0,147.0,0.005821911529691999
10.0,150.0,0.0051369817808339996
10.0,153.0,0.006278532283117999
10.0,156.0,0.00799086130139
10.0,159.0,0.007534239041112
10.0,162.0,0.008675791050247999
10.0,165.0,0.008219169041112
10.0,168.0,0.010045652054816
10.0,171.0,0.008219171552532
10.0,174.0,0.009703186552532
10.0,177.0,0.009132410799105999
10.0,180.0,0.009018257305958
10.0,183.0,0.009246566803674
10.0,186.0,0.010159806552532
10.0,189.0,0.007762548538828
10.0,192.0,0.007876704041112
10.0,195.0,0.006050221027408
10.0,198.0,0.008675790296822
10.0,201.0,0.005821912031976
10.0,204.0,0.005936067785402
10.0,207.0,0.0070776175342599995
10.0,210.0,0.00627853253426
10.0,213.0,0.006849308036544
10.0,216.0,0.007305927283118
10.0,219.0,0.004794516027408
10.0,222.0,0.006050221780834
10.0,225.0,0.00547944753426
10.0,228.0,0.005479445273982
10.0,231.0,0.003995429771698
10.0,234.0,0.004908669269414
10.0,237.0,0.004109584520556
10.0,240.0,0.005936066780834
10.0,243.0,0.004908669771698
10.0,246.0,0.005479444269414
10.0,249.0,0.005022824771698
10.0,252.0,0.005936066780834
10.0,255.0,0.006278532785402
10.0,258.0,0.006392685776266
10.0,261.0,0.005593602283118
10.0,264.0,0.007876701278549999
10.0,267.0,0.006278531780833999
10.0,270.0,0.005593601027408
10.0,273.0,0.006620995525124
10.0,276.0,0.00833332378997
10.0,279.0,0.005136980525124
10.0,282.0,0.004337895273982
10.0,285.0,0.005365290776265999
10.0,288.0,0.005593601780834
10.0,291.0,0.006050222283118
10.0,294.0,0.004566204771698
10.0,297.0,0.00547944502284
10.0,300.0,0.0030821877625619998
10.0,303.0,0.004908672785402
10.0,306.0,0.004223742283118
10.0,309.0,0.005593601529692
10.0,312.0,0.004908670776266
10.0,315.0,0.003424654520556
10.0,318.0,0.007990857283118
10.0,321.0,0.0052511360274079995
10.0,324.0,0.008219168036544
10.0,327.0,0.007191773036544
10.0,330.0,0.009931500319662
10.0,333.0,0.010045652808242
10.0,336.0,0.012899530570803999
10.0,339.0,0.010159808059384
10.0,342.0,0.014041084086792
10.0,345.0,0.010616429817378
10.0,348.0,0.012214602077656
10.0,351.0,0.010616429063952
10.0,354.0,0.010502274566236
10.0,357.0,0.0066209987899699995
10.0,360.0,0.000114155251142
11.0,0.0,0.0075342377854019996
11.0,3.0,0.0067351515296919994
11.0,6.0,0.005136981529692
11.0,9.0,0.004109586027408
11.0,12.0,0.002739723264846
11.0,15.0,0.00159817251142
11.0,18.0,0.002054793264846
11.0,21.0,0.001484016757994
11.0,24.0,0.000913241004568
11.0,27.0,0.000570775502284
11.0,30.0,0.001141551004568
11.0,33.0,0.001027396004568
11.0,36.0,0.00022831
11.0,39.0,0.000799086004568
11.0,42.0,0.00045662025114199997
11.0,45.0,0.000114155251142
11.0,48.0,0.000228310251142
11.0,51.0,0.000570776004568
11.0,54.0,0.00022831
11.0,57.0,0.000570775753426
11.0,60.0,0.000114155251142
11.0,63.0,0.000342465251142
11.0,66.0,0.000228310502284
11.0,69.0,0.000342465502284
11.0,72.0,0.000228310251142
11.0,75.0,0.001255707260278
11.0,78.0,0.001027396506852
11.0,81.0,0.001712327762562
11.0,84.0,0.001027396506852
11.0,87.0,0.00079908625571
11.0,90.0,0.001141551506852
11.0,93.0,0.000799086004568
11.0,96.0,0.00079908625571
11.0,99.0,0.002739724018272
11.0,102.0,0.001369861757994
11.0,105.0,0.0021689477625619997
11.0,108.0,0.00296803251142
11.0,111.0,0.00342465376713
11.0,114.0,0.00410958376713
11.0,117.0,0.003310497260278
11.0,120.0,0.005022823013704
11.0,123.0,0.00502282376713
11.0,126.0,0.003538808264846
11.0,129.0,0.004908671027408
11.0,132.0,0.0036529635159879997
11.0,135.0,0.004566205273982
11.0,138.0,0.003881274269414
11.0,141.0,0.005022827283118
11.0,144.0,0.005593603287686
11.0,147.0,0.00468036002284
11.0,150.0,0.0057077567808339995
11.0,153.0,0.00479451502284
11.0,156.0,0.00559360127855
11.0,159.0,0.009474877305958
11.0,162.0,0.007305929543396
11.0,165.0,0.008789944041112
11.0,168.0,0.008904103310525999
11.0,171.0,0.009817342808241999
11.0,174.0,0.010958894315094
11.0,177.0,0.009931499063952
11.0,180.0,0.008561637305957999
11.0,183.0,0.009018255296822
11.0,186.0,0.007534236027408
11.0,189.0,0.006963462785402
11.0,192.0,0.009246565799106
11.0,195.0,0.006506844292254
11.0,198.0,0.007762549292254
11.0,201.0,0.006506841027408
11.0,204.0,0.00433789376713
11.0,207.0,0.008105013036544
11.0,210.0,0.006050222283118
11.0,213.0,0.00468036127855
11.0,216.0,0.00639268753426
11.0,219.0,0.005251136780834
11.0,222.0,0.004337897031976
11.0,225.0,0.004109585273982
11.0,228.0,0.004680360525124
11.0,231.0,0.005022825273982
11.0,234.0,0.004908669771698
11.0,237.0,0.005136979520556
11.0,240.0,0.00570775753426
11.0,243.0,0.004680360776266
11.0,246.0,0.005936065776266
11.0,249.0,0.004223740525124
11.0,252.0,0.004908673036544
11.0,255.0,0.004680359018272
11.0,258.0,0.00376712002284
11.0,261.0,0.004566204771698
11.0,264.0,0.005022825776266
11.0,267.0,0.005593601529692
11.0,270.0,0.006506842031976
11.0,273.0,0.005251134269414
11.0,276.0,0.006506843036544
11.0,279.0,0.0043378955251239994
11.0,282.0,0.004337896529692
11.0,285.0,0.0061643780365439995
11.0,288.0,0.0055936030365439995
11.0,291.0,0.004566205273982
11.0,294.0,0.00365296502284
11.0,297.0,0.0030821895205559997
11.0,300.0,0.003424655525124
11.0,303.0,0.0042237402739819995
11.0,306.0,0.0035388095205559997
11.0,309.0,0.0030821892694139997
11.0,312.0,0.004223739520556
11.0,315.0,0.00433789376713
11.0,318.0,0.003767120273982
11.0,321.0,0.00456620627855
11.0,324.0,0.00593606753426
11.0,327.0,0.008333324794538
11.0,330.0,0.00970318881281
11.0,333.0,0.009246566803674
11.0,336.0,0.011301357808241999
11.0,339.0,0.010388119817378
11.0,342.0,0.012785378584508
11.0,345.0,0.01175797630139
11.0,348.0,0.012557063561667999
11.0,351.0,0.010730581050248
11.0,354.0,0.008105014041112
11.0,357.0,0.0093607225571
12.0,0.0,0.0057077562785499995
12.0,3.0,0.003881274269414
12.0,6.0,0.004337894771698
12.0,9.0,0.002283102762562
12.0,12.0,0.002283104018272
12.0,15.0,0.001712327260278
12.0,18.0,0.001255706757994
12.0,21.0,0.000684930753426
12.0,24.0,0.000684930753426
12.0,27.0,0.0007990857534259999
12.0,30.0,0.000228310251142
12.0,33.0,0.000342465753426
12.0,36.0,0.000114155
12.0,39.0,0.000456620502284
12.0,42.0,0.000456620753426
12.0,45.0,0.000570775502284
12.0,48.0,0.000114155251142
12.0,51.0,0.000342465251142
12.0,54.0,0.000228310502284
12.0,57.0,0.000342465502284
12.0,60.0,0.000342465502284
12.0,63.0,0.000228310251142
12.0,66.0,0.000114155
12.0,69.0,0.000456620753426
12.0,72.0,0.0007990857534259999
12.0,75.0,0.000570776004568
12.0,78.0,0.000570776004568
12.0,81.0,0.00068493125571
12.0,84.0,0.000342465502284
12.0,87.0,0.0006849302511419999
12.0,90.0,0.000799086506852
12.0,93.0,0.00091324125571
12.0,96.0,0.00159817251142
12.0,99.0,0.002168948264846
12.0,102.0,0.00136986251142
12.0,105.0,0.0015981715068519998
12.0,108.0,0.001255705753426
12.0,111.0,0.002853878264846
12.0,114.0,0.002853878264846
12.0,117.0,0.002968034520556
12.0,120.0,0.0030821892694139997
12.0,123.0,0.003310499018272
12.0,126.0,0.002511412762562
12.0,129.0,0.003652964520556
12.0,132.0,0.003310499269414
12.0,135.0,0.004794516780834
12.0,138.0,0.0046803610274079996
12.0,141.0,0.005821910525123999
12.0,144.0,0.0036529637671299997
12.0,147.0,0.004337894771698
12.0,150.0,0.005936068287686
12.0,153.0,0.007762548036544
12.0,156.0,0.0067351515296919994
12.0,159.0,0.007648392785402
12.0,162.0,0.008904099292254
12.0,165.0,0.01073058130139
12.0,168.0,0.010045652808242
12.0,171.0,0.01301368381281
12.0,174.0,0.01130136006852
12.0,177.0,0.013241995821946
12.0,180.0,0.009817341803674
12.0,183.0,0.009246564292254
12.0,186.0,0.007876702785402
12.0,189.0,0.00639268627855
12.0,192.0,0.00764839378997
12.0,195.0,0.006849307283118
12.0,198.0,0.006849308538828
12.0,201.0,0.0066209972831179995
12.0,204.0,0.005479446027408
12.0,207.0,0.0057077562785499995
12.0,210.0,0.0055936025342599996
12.0,213.0,0.004908671027408
12.0,216.0,0.004680359520556
12.0,219.0,0.005022825273982
12.0,222.0,0.004566205776266
12.0,225.0,0.00456620376713
12.0,228.0,0.0043378950228399995
12.0,231.0,0.003881274269414
12.0,234.0,0.004337895776266
12.0,237.0,0.004223739520556
12.0,240.0,0.0047945147716979995
12.0,243.0,0.006050222283118
12.0,246.0,0.003767119771698
12.0,249.0,0.00639268753426
12.0,252.0,0.006278532785402
12.0,255.0,0.00525113753426
12.0,258.0,0.005136981027408
12.0,261.0,0.00468036002284
12.0,264.0,0.004680359771698
12.0,267.0,0.006050220776266
12.0,270.0,0.004452051027408
12.0,273.0,0.0051369817808339996
12.0,276.0,0.006050223538828
12.0,279.0,0.005707758036544
12.0,282.0,0.004337895776266
12.0,285.0,0.00479451753426
12.0,288.0,0.005022827785402
12.0,291.0,0.004566206780834
12.0,294.0,0.0030821897716979997
12.0,297.0,0.003995430273982
12.0,300.0,0.0035388100228399997
12.0,303.0,0.003424654269414
12.0,306.0,0.002054792009136
12.0,309.0,0.003767118264846
12.0,312.0,0.0046803615296919995
12.0,315.0,0.003995430525124
12.0,318.0,0.00376712127855
12.0,321.0,0.004452050525124
12.0,324.0,0.006392687031976
12.0,327.0,0.006735153538827999
12.0,330.0,0.008219169543396
12.0,333.0,0.008105013287686
12.0,336.0,0.009360722808242
12.0,339.0,0.010045653310525999
12.0,342.0,0.008904100799106
12.0,345.0,0.011415514566235999
12.0,348.0,0.011872133310525999
12.0,351.0,0.01027396130139
12.0,354.0,0.006849307283118
12.0,357.0,0.005022825776266
13.0,0.0,0.004680360776266
13.0,3.0,0.0030821882648459998
13.0,6.0,0.002739724018272
13.0,9.0,0.001598172762562
13.0,12.0,0.001940638515988
13.0,15.0,0.001598173013704
13.0,18.0,0.001255706757994
13.0,21.0,0.000456620502284
13.0,24.0,0.000342465251142
13.0,27.0,0.000228310502284
13.0,30.0,0.000342465753426
13.0,33.0,0.000342465251142
13.0,36.0,0.00022831
13.0,39.0,0.000228310251142
13.0,42.0,0.00022831
13.0,45.0,0.000228310251142
13.0,48.0,0.000114155
13.0,51.0,0.000228310251142
13.0,60.0,0.000228310251142
13.0,63.0,0.000114155
13.0,66.0,0.000456620502284
13.0,69.0,0.000228310251142
13.0,72.0,0.000342465502284
13.0,75.0,0.00045662025114199997
13.0,78.0,0.000456621004568
13.0,81.0,0.00057077625571
13.0,84.0,0.00091324125571
13.0,87.0,0.000342465502284
13.0,90.0,0.000799086506852
13.0,93.0,0.000342465502284
13.0,96.0,0.00079908625571
13.0,99.0,0.001369862260278
13.0,102.0,0.001598172260278
13.0,105.0,0.00148401751142
13.0,108.0,0.002625569269414
13.0,111.0,0.00194063751142
13.0,114.0,0.0021689477625619997
13.0,117.0,0.002739724018272
13.0,120.0,0.001940637260278
13.0,123.0,0.00388127502284
13.0,126.0,0.003196344520556
13.0,129.0,0.002397256757994
13.0,132.0,0.003310499018272
13.0,135.0,0.003995430273982
13.0,138.0,0.003424654520556
13.0,141.0,0.003767118264846
13.0,144.0,0.005365289771697999
13.0,147.0,0.003995427762562
13.0,150.0,0.005365288515988
13.0,153.0,0.007077619292254
13.0,156.0,0.0071917727854019994
13.0,159.0,0.009360720547964
13.0,162.0,0.009589029292254
13.0,165.0,0.0101598075571
13.0,168.0,0.009132411803673999
13.0,171.0,0.011529670821946
13.0,174.0,0.011073049063952
13.0,177.0,0.009703187054816
13.0,180.0,0.0075342407991059995
13.0,183.0,0.0076483920319759995
13.0,186.0,0.006735153036543999
13.0,189.0,0.0057077567808339995
13.0,192.0,0.007762551050248
13.0,195.0,0.006849309543396
13.0,198.0,0.00582191127855
13.0,201.0,0.004908670525124
13.0,204.0,0.005707756027408
13.0,207.0,0.003995429269414
13.0,210.0,0.003881274018272
13.0,213.0,0.0047945147716979995
13.0,216.0,0.0043378945205559995
13.0,219.0,0.0031963427625619997
13.0,222.0,0.003767120525124
13.0,225.0,0.003767119018272
13.0,228.0,0.002853877762562
13.0,231.0,0.003995428264846
13.0,234.0,0.004109585273982
13.0,237.0,0.004223740525124
13.0,240.0,0.00536529127855
13.0,243.0,0.003310500273982
13.0,246.0,0.006392687031976
13.0,249.0,0.00410958502284
13.0,252.0,0.003310498013704
13.0,255.0,0.00559360002284
13.0,258.0,0.004680360525124
13.0,261.0,0.00502282502284
13.0,264.0,0.0042237417808339995
13.0,267.0,0.00456620502284
13.0,270.0,0.005365291780834
13.0,273.0,0.004680360776266
13.0,276.0,0.004452050776266
13.0,279.0,0.002968033264846
13.0,282.0,0.002853878264846
13.0,285.0,0.00479451753426
13.0,288.0,0.003196345525124
13.0,291.0,0.003424654520556
13.0,294.0,0.001826483515988
13.0,297.0,0.003310499771698
13.0,300.0,0.0030821895205559997
13.0,303.0,0.00171232751142
13.0,306.0,0.002511413515988
13.0,309.0,0.002511413515988
13.0,312.0,0.0030821885159879998
13.0,315.0,0.002511414520556
13.0,318.0,0.003196343515988
13.0,321.0,0.003881275273982
13.0,324.0,0.005022826027408
13.0,327.0,0.005251136780834
13.0,330.0,0.009132409543396
13.0,333.0,0.0043378950228399995
13.0,336.0,0.006849308036544
13.0,339.0,0.010159804041111999
13.0,342.0,0.009360721050248
13.0,345.0,0.008219169292253999
13.0,348.0,0.008675791803674
13.0,351.0,0.007990860547964
13.0,354.0,0.00924656630139
13.0,357.0,0.007876704041112
14.0,0.0,0.0035388097716979997
14.0,3.0,0.00296803376713
14.0,6.0,0.002397258264846
14.0,9.0,0.00114155125571
14.0,12.0,0.000913241506852
14.0,15.0,0.000799086506852
14.0,18.0,0.00079908625571
14.0,21.0,0.000456621004568
14.0,24.0,0.00045662025114199997
14.0,27.0,0.00022831
14.0,30.0,0.000114155
14.0,33.0,0.000228310251142
14.0,36.0,0.000114155251142
14.0,42.0,0.000114155251142
14.0,45.0,0.000228310251142
14.0,54.0,0.000114155
14.0,69.0,0.000114155251142
14.0,72.0,0.000114155
14.0,75.0,0.000228310251142
14.0,78.0,0.000456620753426
14.0,81.0,0.000342465753426
14.0,84.0,0.00022831
14.0,87.0,0.000799086004568
14.0,90.0,0.000228310502284
14.0,93.0,0.000684931004568
14.0,96.0,0.0009132407534259999
14.0,99.0,0.000684930502284
14.0,102.0,0.000799086506852
14.0,105.0,0.001255707009136
14.0,108.0,0.000570776004568
14.0,111.0,0.001141551757994
14.0,114.0,0.00239725751142
14.0,117.0,0.001712326506852
14.0,120.0,0.003310499771698
14.0,123.0,0.003424653515988
14.0,126.0,0.004452051027408
14.0,129.0,0.002283102762562
14.0,132.0,0.00285387751142
14.0,135.0,0.002283103013704
14.0,138.0,0.002968034018272
14.0,141.0,0.003424653515988
14.0,144.0,0.00445205127855
14.0,147.0,0.003881275776266
14.0,150.0,0.005136980776266
14.0,153.0,0.007305928287686
14.0,156.0,0.007876704543396
14.0,159.0,0.00878994630139
14.0,162.0,0.009474874292254
14.0,165.0,0.011986286552532
14.0,168.0,0.012671220821946
14.0,171.0,0.011986291826514
14.0,174.0,0.011187203561668
14.0,177.0,0.008789944794538
14.0,180.0,0.007420083538828
14.0,183.0,0.006620998538828
14.0,186.0,0.0074200860502479996
14.0,189.0,0.007990859292254
14.0,192.0,0.007191774794537999
14.0,195.0,0.006050222031976
14.0,198.0,0.00536529002284
14.0,201.0,0.004794514520556
14.0,204.0,0.005479446529692
14.0,207.0,0.00445204876713
14.0,210.0,0.003881273013704
14.0,213.0,0.003652964269414
14.0,216.0,0.002968032762562
14.0,219.0,0.002283103264846
14.0,222.0,0.00273972251142
14.0,225.0,0.003767119018272
14.0,228.0,0.00319634376713
14.0,231.0,0.004908671027408
14.0,234.0,0.0046803610274079996
14.0,237.0,0.0031963427625619997
14.0,240.0,0.005136982031976
14.0,243.0,0.004566206027408
14.0,246.0,0.003424653515988
14.0,249.0,0.004566204018272
14.0,252.0,0.002853879018272
14.0,255.0,0.004223741027408
14.0,258.0,0.003310498515988
14.0,261.0,0.004566204771698
14.0,264.0,0.001940638515988
14.0,267.0,0.002739723515988
14.0,270.0,0.003652964771698
14.0,273.0,0.0043378955251239994
14.0,276.0,0.0030821892694139997
14.0,279.0,0.003196343515988
14.0,282.0,0.003310499771698
14.0,285.0,0.00365296502284
14.0,288.0,0.0035388105251239997
14.0,291.0,0.00216894876713
14.0,294.0,0.002511413264846
14.0,297.0,0.00159817251142
14.0,300.0,0.001598171757994
14.0,303.0,0.002168948013704
14.0,306.0,0.001369862009136
14.0,309.0,0.001826483013704
14.0,312.0,0.00114155125571
14.0,315.0,0.00171232751142
14.0,318.0,0.00273972502284
14.0,321.0,0.002397259018272
14.0,324.0,0.004452051027408
14.0,327.0,0.005022827031976
14.0,330.0,0.004337894771698
14.0,333.0,0.00331049876713
14.0,336.0,0.004109585273982
14.0,339.0,0.006506840525124
14.0,342.0,0.007420081780834
14.0,345.0,0.00936071878997
14.0,348.0,0.007191773036544
14.0,351.0,0.007420085799106
14.0,354.0,0.007876704543396
14.0,357.0,0.003995430525124
14.0,360.0,0.000228310502284
15.0,0.0,0.002054793515988
15.0,3.0,0.002397258264846
15.0,6.0,0.00102739625571
15.0,9.0,0.000913241004568
15.0,12.0,0.001255707762562
15.0,15.0,0.002054793515988
15.0,18.0,0.000684930502284
15.0,21.0,0.0005707752511419999
15.0,24.0,0.00045662
15.0,27.0,0.0005707752511419999
15.0,30.0,0.000114155251142
15.0,36.0,0.000114155
15.0,60.0,0.000228310502284
15.0,69.0,0.000228310502284
15.0,72.0,0.000228310251142
15.0,75.0,0.000114155
15.0,78.0,0.00022831
15.0,81.0,0.000228310251142
15.0,84.0,0.000228310251142
15.0,87.0,0.000114155251142
15.0,93.0,0.000684930502284
15.0,96.0,0.001141551004568
15.0,99.0,0.000570775753426
15.0,102.0,0.000342465502284
15.0,105.0,0.000114155251142
15.0,108.0,0.000570775753426
15.0,111.0,0.00159817251142
15.0,114.0,0.00148401751142
15.0,117.0,0.00171232751142
15.0,120.0,0.00102739625571
15.0,123.0,0.00148401751142
15.0,126.0,0.002168948013704
15.0,129.0,0.003767121780834
15.0,132.0,0.0030821887671299997
15.0,135.0,0.00376711876713
15.0,138.0,0.00547944502284
15.0,141.0,0.004566205525124
15.0,144.0,0.004109586027408
15.0,147.0,0.00559360127855
15.0,150.0,0.005022826529692
15.0,153.0,0.006506843036544
15.0,156.0,0.008561638561668
15.0,159.0,0.009360721552532
15.0,162.0,0.009817342305958
15.0,165.0,0.010958893310526
15.0,168.0,0.009817339794538
15.0,171.0,0.013356154086792
15.0,174.0,0.008789948059384
15.0,177.0,0.007420083287686
15.0,180.0,0.007420083287686
15.0,183.0,0.007762549794538
15.0,186.0,0.007191774794537999
15.0,189.0,0.0057077572831179995
15.0,192.0,0.00605022253426
15.0,195.0,0.004908671529692
15.0,198.0,0.003881275525124
15.0,201.0,0.00388127376713
15.0,204.0,0.00228310251142
15.0,207.0,0.002283101757994
15.0,210.0,0.003424653515988
15.0,213.0,0.002054791506852
15.0,216.0,0.002054793264846
15.0,219.0,0.0026255680137039997
15.0,222.0,0.002283102009136
15.0,225.0,0.002853879269414
15.0,228.0,0.002283103264846
15.0,231.0,0.00388127502284
15.0,234.0,0.00399542876713
15.0,237.0,0.002397257260278
15.0,240.0,0.002739722260278
15.0,243.0,0.003995429018272
15.0,246.0,0.005593600273982
15.0,249.0,0.00319634376713
15.0,252.0,0.003196343515988
15.0,255.0,0.004337894269414
15.0,258.0,0.003424653515988
15.0,261.0,0.0030821895205559997
15.0,264.0,0.0035388085159879998
15.0,267.0,0.002283102762562
15.0,270.0,0.003196344018272
15.0,273.0,0.003767119771698
15.0,276.0,0.0030821877625619998
15.0,279.0,0.002625569018272
15.0,282.0,0.00319634502284
15.0,285.0,0.002968033515988
15.0,288.0,0.002511414018272
15.0,291.0,0.002397258515988
15.0,294.0,0.0018264812557099999
15.0,297.0,0.00102739625571
15.0,300.0,0.001255706757994
15.0,303.0,0.000913241004568
15.0,306.0,0.001255706506852
15.0,309.0,0.001255706506852
15.0,312.0,0.001826483515988
15.0,315.0,0.001369862260278
15.0,318.0,0.00205479251142
15.0,321.0,0.001826482762562
15.0,324.0,0.001598173013704
15.0,327.0,0.002853878264846
15.0,330.0,0.00331049876713
15.0,333.0,0.002853878515988
15.0,336.0,0.002968032260278
15.0,339.0,0.0043378935159879995
15.0,342.0,0.004566206027408
15.0,345.0,0.006278531780833999
15.0,348.0,0.007305929041112
15.0,351.0,0.009132414315094
15.0,354.0,0.0066209977854019995
15.0,357.0,0.003196344771698
16.0,0.0,0.00136986125571
16.0,3.0,0.002739724269414
16.0,6.0,0.000684930753426
16.0,9.0,0.00091324125571
16.0,12.0,0.001027396757994
16.0,15.0,0.000228310251142
16.0,18.0,0.000342465251142
16.0,21.0,0.00034246499999999997
16.0,24.0,0.000342465251142
16.0,27.0,0.000114155251142
16.0,30.0,0.000228310251142
16.0,33.0,0.000114155
16.0,63.0,0.000114155251142
16.0,66.0,0.000228310251142
16.0,81.0,0.000114155251142
16.0,87.0,0.000228310502284
16.0,90.0,0.000114155251142
16.0,93.0,0.000570775502284
16.0,96.0,0.00091324125571
16.0,99.0,0.000456620753426
16.0,102.0,0.00045662
16.0,108.0,0.000228310502284
16.0,111.0,0.000799086004568
16.0,114.0,0.000684930753426
16.0,117.0,0.001484017260278
16.0,120.0,0.00136986251142
16.0,123.0,0.0018264815068519998
16.0,126.0,0.0035388095205559997
16.0,129.0,0.0043378945205559995
16.0,132.0,0.003767118264846
16.0,135.0,0.003881273013704
16.0,138.0,0.004908670273982
16.0,141.0,0.00582191253426
16.0,144.0,0.004109584771698
16.0,147.0,0.005479449543396
16.0,150.0,0.005022826027408
16.0,153.0,0.006735153287686
16.0,156.0,0.0061643770319759995
16.0,159.0,0.008561636050248
16.0,162.0,0.00742008378997
16.0,165.0,0.009018255799106
16.0,168.0,0.011529669817378
16.0,171.0,0.0106164275571
16.0,174.0,0.00696346378997
16.0,177.0,0.0075342392922539995
16.0,180.0,0.007191773287685999
16.0,183.0,0.006735154794538
16.0,186.0,0.0066209992922539995
16.0,189.0,0.005936068036544
16.0,192.0,0.005593602031976
16.0,195.0,0.004566205776266
16.0,198.0,0.003995430776266
16.0,201.0,0.0030821890182719997
16.0,204.0,0.001940637260278
16.0,207.0,0.00194063625571
16.0,210.0,0.002625569018272
16.0,213.0,0.002054792009136
16.0,216.0,0.0030821887671299997
16.0,219.0,0.000570775502284
16.0,222.0,0.001484016757994
16.0,225.0,0.00194063751142
16.0,228.0,0.0026255672602779998
16.0,231.0,0.002283101757994
16.0,234.0,0.003538808264846
16.0,237.0,0.0030821887671299997
16.0,240.0,0.002739723515988
16.0,243.0,0.00285387751142
16.0,246.0,0.00365296502284
16.0,249.0,0.002739722762562
16.0,252.0,0.00239725876713
16.0,255.0,0.0030821877625619998
16.0,258.0,0.004109585273982
16.0,261.0,0.002054792009136
16.0,264.0,0.003424654520556
16.0,267.0,0.002739722260278
16.0,270.0,0.001712327009136
16.0,273.0,0.002283102762562
16.0,276.0,0.001712327009136
16.0,279.0,0.002283103515988
16.0,282.0,0.00262556876713
16.0,285.0,0.00182648251142
16.0,288.0,0.001826482260278
16.0,291.0,0.002054793264846
16.0,294.0,0.00171232751142
16.0,297.0,0.001369861757994
16.0,300.0,0.001027395502284
16.0,303.0,0.000913241004568
16.0,306.0,0.000570775502284
16.0,309.0,0.002168948013704
16.0,312.0,0.002397258264846
16.0,315.0,0.002511413013704
16.0,318.0,0.001826482762562
16.0,321.0,0.00091324125571
16.0,324.0,0.001712327762562
16.0,327.0,0.002054791757994
16.0,330.0,0.003196343264846
16.0,333.0,0.002511413013704
16.0,336.0,0.00308218751142
16.0,339.0,0.00410958502284
16.0,342.0,0.004109585525124
16.0,345.0,0.006050221780834
16.0,348.0,0.007876702785402
16.0,351.0,0.00753424004568
16.0,354.0,0.006164375776266
16.0,357.0,0.002625569269414
17.0,0.0,0.004223741529692
17.0,3.0,0.001369862009136
17.0,6.0,0.000684930753426
17.0,9.0,0.001027396506852
17.0,12.0,0.000342465502284
17.0,15.0,0.000342465502284
17.0,18.0,0.000342465251142
17.0,21.0,0.000114155
17.0,27.0,0.000114155251142
17.0,42.0,0.000114155251142
17.0,54.0,0.000114155251142
17.0,66.0,0.000114155251142
17.0,69.0,0.000114155251142
17.0,90.0,0.000114155
17.0,93.0,0.000114155
17.0,96.0,0.000342465502284
17.0,102.0,0.000114155
17.0,105.0,0.000456620502284
17.0,108.0,0.000228310251142
17.0,111.0,0.0009132407534259999
17.0,114.0,0.000684931004568
17.0,117.0,0.001369861506852
17.0,120.0,0.001369862009136
17.0,123.0,0.001255706757994
17.0,126.0,0.0030821885159879998
17.0,129.0,0.0030821882648459998
17.0,132.0,0.00251141376713
17.0,135.0,0.003310498264846
17.0,138.0,0.0043378955251239994
17.0,141.0,0.003881274520556
17.0,144.0,0.003995430273982
17.0,147.0,0.005936069292254
17.0,150.0,0.006392689041112
17.0,153.0,0.0066209977854019995
17.0,156.0,0.008675788538828
17.0,159.0,0.009132412305958
17.0,162.0,0.00936072004568
17.0,165.0,0.009703186050248
17.0,168.0,0.007876702785402
17.0,171.0,0.005936066529692
17.0,174.0,0.0062785307762659994
17.0,177.0,0.007648392785402
17.0,180.0,0.005593601780834
17.0,183.0,0.0065068445433959995
17.0,186.0,0.003767120525124
17.0,189.0,0.00479451502284
17.0,192.0,0.004109584520556
17.0,195.0,0.00285387751142
17.0,198.0,0.002968033515988
17.0,201.0,0.002054792260278
17.0,204.0,0.001940637260278
17.0,207.0,0.002853877260278
17.0,210.0,0.002511412260278
17.0,213.0,0.001712326506852
17.0,216.0,0.003082187260278
17.0,219.0,0.002168948264846
17.0,222.0,0.001027395502284
17.0,225.0,0.002511411757994
17.0,228.0,0.0018264815068519998
17.0,231.0,0.00125570625571
17.0,234.0,0.0026255680137039997
17.0,237.0,0.0026255680137039997
17.0,240.0,0.00182648251142
17.0,243.0,0.003652964018272
17.0,246.0,0.0021689467579939998
17.0,249.0,0.002968033013704
17.0,252.0,0.0021689470091359997
17.0,255.0,0.002511411757994
17.0,258.0,0.002054791757994
17.0,261.0,0.002853878264846
17.0,264.0,0.002054793013704
17.0,267.0,0.0021689470091359997
17.0,270.0,0.002739723515988
17.0,273.0,0.001712327260278
17.0,276.0,0.0009132407534259999
17.0,279.0,0.00182648251142
17.0,282.0,0.001255707009136
17.0,285.0,0.001484016506852
17.0,288.0,0.001484016506852
17.0,291.0,0.001940637762562
17.0,294.0,0.001141552009136
17.0,297.0,0.0007990857534259999
17.0,300.0,0.00182648251142
17.0,303.0,0.000799086004568
17.0,306.0,0.00045662025114199997
17.0,309.0,0.000342465502284
17.0,312.0,0.000684930753426
17.0,315.0,0.00159817251142
17.0,318.0,0.0007990857534259999
17.0,321.0,0.000684930753426
17.0,324.0,0.001712327260278
17.0,327.0,0.001027396506852
17.0,330.0,0.001484017762562
17.0,333.0,0.00228310251142
17.0,336.0,0.00171232625571
17.0,339.0,0.003082187009136
17.0,342.0,0.0035388087671299998
17.0,345.0,0.0051369817808339996
17.0,348.0,0.004566204269414
17.0,351.0,0.00388127502284
17.0,354.0,0.002853878515988
17.0,357.0,0.003310498515988
18.0,0.0,0.001484017260278
18.0,3.0,0.001369862762562
18.0,6.0,0.001255707260278
18.0,9.0,0.000799086506852
18.0,12.0,0.00079908625571
18.0,15.0,0.000114155251142
18.0,21.0,0.000114155251142
18.0,24.0,0.000114155251142
18.0,39.0,0.000114155251142
18.0,48.0,0.000114155251142
18.0,60.0,0.000114155
18.0,69.0,0.000114155
18.0,90.0,0.00022831
18.0,93.0,0.000456620502284
18.0,96.0,0.000228310251142
18.0,99.0,0.000114155251142
18.0,102.0,0.000342465502284
18.0,105.0,0.000228310251142
18.0,108.0,0.000456620502284
18.0,111.0,0.0005707752511419999
18.0,114.0,0.0010273970091359999
18.0,117.0,0.001712327009136
18.0,120.0,0.001712326506852
18.0,123.0,0.00148401625571
18.0,126.0,0.00194063751142
18.0,129.0,0.001141552260278
18.0,132.0,0.00205479251142
18.0,135.0,0.003310498515988
18.0,138.0,0.00342465502284
18.0,141.0,0.003310498515988
18.0,144.0,0.005022825525124
18.0,147.0,0.0055936035388279995
18.0,150.0,0.0069634657991059995
18.0,153.0,0.007305927283118
18.0,156.0,0.008904098036544
18.0,159.0,0.007420083538828
18.0,162.0,0.00993149504568
18.0,165.0,0.00901825881281
18.0,168.0,0.0065068445433959995
18.0,171.0,0.004680360776266
18.0,174.0,0.005022824771698
18.0,177.0,0.0052511365296919995
18.0,180.0,0.004566205525124
18.0,183.0,0.004566205273982
18.0,186.0,0.003767117762562
18.0,189.0,0.0030821885159879998
18.0,192.0,0.002283101757994
18.0,195.0,0.00205479251142
18.0,198.0,0.001940636757994
18.0,201.0,0.002168948013704
18.0,204.0,0.001255705753426
18.0,207.0,0.002054791506852
18.0,210.0,0.002511412009136
18.0,213.0,0.001369861757994
18.0,216.0,0.000684930753426
18.0,219.0,0.00114155125571
18.0,222.0,0.002511413515988
18.0,225.0,0.002054792762562
18.0,228.0,0.00136986125571
18.0,231.0,0.0021689477625619997
18.0,234.0,0.00148401625571
18.0,237.0,0.00136986125571
18.0,240.0,0.002054790753426
18.0,243.0,0.002511412762562
18.0,246.0,0.001826482009136
18.0,249.0,0.001369862009136
18.0,252.0,0.00171232751142
18.0,255.0,0.001826483013704
18.0,258.0,0.001940638515988
18.0,261.0,0.00216894876713
18.0,264.0,0.002054792762562
18.0,267.0,0.0018264817579939998
18.0,270.0,0.001598171757994
18.0,273.0,0.001712326757994
18.0,276.0,0.001940638013704
18.0,279.0,0.001369862260278
18.0,282.0,0.001369861757994
18.0,285.0,0.00045662025114199997
18.0,288.0,0.002283103515988
18.0,291.0,0.001712326004568
18.0,294.0,0.00102739625571
18.0,297.0,0.0007990857534259999
18.0,300.0,0.001027396506852
18.0,303.0,0.000570775502284
18.0,306.0,0.0005707752511419999
18.0,309.0,0.0007990855022839999
18.0,312.0,0.000114155251142
18.0,315.0,0.000570776004568
18.0,318.0,0.00114155125571
18.0,321.0,0.001027396757994
18.0,324.0,0.0014840180137039999
18.0,327.0,0.001255707009136
18.0,330.0,0.000684931004568
18.0,333.0,0.0006849302511419999
18.0,336.0,0.002739723515988
18.0,339.0,0.001598172009136
18.0,342.0,0.00159817251142
18.0,345.0,0.003424654520556
18.0,348.0,0.002853878515988
18.0,351.0,0.004223741027408
18.0,354.0,0.002054791506852
18.0,357.0,0.002168948515988
19.0,0.0,0.000913241757994
19.0,3.0,0.000913241506852
19.0,6.0,0.000799086506852
19.0,9.0,0.00068493125571
19.0,12.0,0.000228310502284
19.0,15.0,0.000456620753426
19.0,18.0,0.000114155
19.0,21.0,0.000114155251142
19.0,84.0,0.000114155
19.0,90.0,0.000114155
19.0,99.0,0.000114155251142
19.0,102.0,0.00022831
19.0,105.0,0.000228310251142
19.0,111.0,0.00045662025114199997
19.0,114.0,0.000342465251142
19.0,117.0,0.001255706506852
19.0,120.0,0.002283102260278
19.0,123.0,0.0026255670091359998
19.0,126.0,0.001712326506852
19.0,129.0,0.00125570625571
19.0,132.0,0.001712328013704
19.0,135.0,0.00159817251142
19.0,138.0,0.002625569269414
19.0,141.0,0.003767120273982
19.0,144.0,0.004908671027408
19.0,147.0,0.006050223036544
19.0,150.0,0.005365292031976
19.0,153.0,0.006278532031976
19.0,156.0,0.006963461529692
19.0,159.0,0.008219168287685999
19.0,162.0,0.00662099753426
19.0,165.0,0.005479446529692
19.0,168.0,0.005251135776266
19.0,171.0,0.005936065525124
19.0,174.0,0.0043378935159879995
19.0,177.0,0.004337895273982
19.0,180.0,0.004794516529692
19.0,183.0,0.0026255675114199998
19.0,186.0,0.0036529635159879997
19.0,189.0,0.002739723264846
19.0,192.0,0.0021689477625619997
19.0,195.0,0.0021689475114199997
19.0,198.0,0.001484016506852
19.0,201.0,0.00091324
19.0,204.0,0.001027396004568
19.0,207.0,0.001255707009136
19.0,210.0,0.002054792009136
19.0,213.0,0.001940636757994
19.0,216.0,0.001484016506852
19.0,219.0,0.001712325753426
19.0,222.0,0.001484016506852
19.0,225.0,0.001712326757994
19.0,228.0,0.001369861757994
19.0,231.0,0.000684931004568
19.0,234.0,0.0009132405022839999
19.0,237.0,0.0013698605022839999
19.0,240.0,0.00171232625571
19.0,243.0,0.001484016757994
19.0,246.0,0.001826482762562
19.0,249.0,0.001255706506852
19.0,252.0,0.00091324125571
19.0,255.0,0.001712326757994
19.0,258.0,0.001141550753426
19.0,261.0,0.0021689475114199997
19.0,264.0,0.00079908625571
19.0,267.0,0.00136986125571
19.0,270.0,0.00148401625571
19.0,273.0,0.000456620502284
19.0,276.0,0.001369861506852
19.0,279.0,0.00079908625571
19.0,282.0,0.000799086004568
19.0,285.0,0.000799086004568
19.0,288.0,0.0007990855022839999
19.0,291.0,0.000456620753426
19.0,294.0,0.000342465753426
19.0,297.0,0.00045662025114199997
19.0,300.0,0.000456621004568
19.0,303.0,0.000456620753426
19.0,306.0,0.000456620502284
19.0,309.0,0.000342465251142
19.0,312.0,0.0005707752511419999
19.0,315.0,0.00091324125571
19.0,318.0,0.000342465753426
19.0,321.0,0.000228310502284
19.0,324.0,0.001141551757994
19.0,327.0,0.001598173264846
19.0,330.0,0.000456620753426
19.0,333.0,0.0019406387671299999
19.0,336.0,0.001255707260278
19.0,339.0,0.001484017009136
19.0,342.0,0.001255705502284
19.0,345.0,0.001369862009136
19.0,348.0,0.002283104269414
19.0,351.0,0.00068493125571
19.0,354.0,0.001598173264846
19.0,357.0,0.000913241757994
20.0,0.0,0.000799086506852
20.0,3.0,0.001598173515988
20.0,6.0,0.000456621004568
20.0,9.0,0.000228310502284
20.0,12.0,0.000114155
20.0,27.0,0.000114155251142
20.0,45.0,0.000114155251142
20.0,48.0,0.000114155
20.0,93.0,0.000114155251142
20.0,108.0,0.000114155251142
20.0,111.0,0.000114155
20.0,114.0,0.000684930753426
20.0,117.0,0.001712325251142
20.0,120.0,0.0018264805022839999
20.0,123.0,0.0022831007534259997
20.0,126.0,0.00194063625571
20.0,129.0,0.001598171757994
20.0,132.0,0.00102739625571
20.0,135.0,0.0021689472602779997
20.0,138.0,0.001598172009136
20.0,141.0,0.002853879520556
20.0,144.0,0.003881274771698
20.0,147.0,0.00616438004568
20.0,150.0,0.007191777808242
20.0,153.0,0.006620998036544
20.0,156.0,0.006849306529692
20.0,159.0,0.0067351515296919994
20.0,162.0,0.004566204520556
20.0,165.0,0.003310499269414
20.0,168.0,0.0055936030365439995
20.0,171.0,0.0031963430137039997
20.0,174.0,0.002054792762562
20.0,177.0,0.0042237412785499995
20.0,180.0,0.003767119269414
20.0,183.0,0.00285387751142
20.0,186.0,0.002511412009136
20.0,189.0,0.001484016757994
20.0,192.0,0.001369861004568
20.0,195.0,0.000570776004568
20.0,198.0,0.000456620502284
20.0,201.0,0.000684930753426
20.0,204.0,0.0009132407534259999
20.0,207.0,0.0007990855022839999
20.0,210.0,0.001369861757994
20.0,213.0,0.001255707009136
20.0,216.0,0.00045662025114199997
20.0,219.0,0.001027395
20.0,222.0,0.0013698607534259998
20.0,225.0,0.001027395753426
20.0,228.0,0.00034246499999999997
20.0,231.0,0.001027395251142
20.0,234.0,0.000684931004568
20.0,237.0,0.0015981707534259999
20.0,240.0,0.0015981710045679999
20.0,243.0,0.001141550753426
20.0,246.0,0.001141550753426
20.0,249.0,0.0013698605022839999
20.0,252.0,0.001712327762562
20.0,255.0,0.00102739625571
20.0,258.0,0.001027396004568
20.0,261.0,0.000684931004568
20.0,264.0,0.0006849302511419999
20.0,267.0,0.000684930753426
20.0,270.0,0.0015981715068519998
20.0,273.0,0.00102739625571
20.0,276.0,0.000456620502284
20.0,279.0,0.001255707009136
20.0,282.0,0.0009132407534259999
20.0,285.0,0.000228310251142
20.0,288.0,0.00045662025114199997
20.0,291.0,0.000456620502284
20.0,294.0,0.000342465753426
20.0,297.0,0.000456621004568
20.0,300.0,0.000342465251142
20.0,303.0,0.000456620502284
20.0,306.0,0.000456620502284
20.0,309.0,0.0009132407534259999
20.0,312.0,0.000342465502284
20.0,315.0,0.00068493125571
20.0,318.0,0.000570776004568
20.0,321.0,0.000228310251142
20.0,324.0,0.00068493125571
20.0,327.0,0.00057077625571
20.0,330.0,0.00079908625571
20.0,333.0,0.001141552260278
20.0,336.0,0.000456620502284
20.0,339.0,0.001141551506852
20.0,342.0,0.001940637260278
20.0,345.0,0.001141552009136
20.0,348.0,0.00079908625571
20.0,351.0,0.001141552260278
20.0,354.0,0.000342465251142
20.0,357.0,0.000114155251142
21.0,0.0,0.000456620753426
21.0,3.0,0.0010273972602779999
21.0,9.0,0.000114155
21.0,102.0,0.000228310502284
21.0,114.0,0.000228310251142
21.0,117.0,0.0007990852511419999
21.0,120.0,0.0009132405022839999
21.0,123.0,0.0006849299999999999
21.0,126.0,0.001712325
21.0,129.0,0.0015981705022839999
21.0,132.0,0.0007990849999999999
21.0,135.0,0.000799086506852
21.0,138.0,0.0017123285159879999
21.0,141.0,0.001598172260278
21.0,144.0,0.003310499018272
21.0,147.0,0.003881275525124
21.0,150.0,0.005479449543396
21.0,153.0,0.0061643785388279995
21.0,156.0,0.00479451502284
21.0,159.0,0.004566204771698
21.0,162.0,0.003767119018272
21.0,165.0,0.0030821882648459998
21.0,168.0,0.00228310251142
21.0,171.0,0.00273972376713
21.0,174.0,0.001940636757994
21.0,177.0,0.0018264817579939998
21.0,180.0,0.001940636757994
21.0,183.0,0.002397256757994
21.0,186.0,0.001826482009136
21.0,189.0,0.000456620502284
21.0,192.0,0.00034246499999999997
21.0,195.0,0.000684930753426
21.0,198.0,0.000228310251142
21.0,201.0,0.0007990855022839999
21.0,204.0,0.000913241004568
21.0,207.0,0.000456620753426
21.0,210.0,0.000684930753426
21.0,213.0,0.000570775753426
21.0,216.0,0.001027395251142
21.0,219.0,0.00045662025114199997
21.0,222.0,0.0009132407534259999
21.0,225.0,0.00057077625571
21.0,228.0,0.0005707752511419999
21.0,231.0,0.000342465251142
21.0,234.0,0.000228310502284
21.0,237.0,0.00045662025114199997
21.0,240.0,0.000456620753426
21.0,243.0,0.001255705753426
21.0,246.0,0.000799086004568
21.0,249.0,0.000570775753426
21.0,252.0,0.001369862009136
21.0,255.0,0.00022831
21.0,258.0,0.0009132405022839999
21.0,261.0,0.0005707752511419999
21.0,264.0,0.000342465502284
21.0,267.0,0.000456620502284
21.0,270.0,0.000684930502284
21.0,273.0,0.000570775753426
21.0,276.0,0.000799086004568
21.0,279.0,0.000570775753426
21.0,282.0,0.000913241757994
21.0,285.0,0.000342465502284
21.0,288.0,0.00045662025114199997
21.0,291.0,0.000114155251142
21.0,294.0,0.000114155251142
21.0,297.0,0.000114155
21.0,300.0,0.000228310251142
21.0,303.0,0.000342465502284
21.0,306.0,0.00045662
21.0,309.0,0.000228310502284
21.0,315.0,0.000456620502284
21.0,318.0,0.000114155251142
21.0,321.0,0.000913241004568
21.0,324.0,0.000456620502284
21.0,327.0,0.000799086757994
21.0,330.0,0.001141552009136
21.0,333.0,0.000342465502284
21.0,336.0,0.00045662025114199997
21.0,339.0,0.00045662025114199997
21.0,342.0,0.000342465502284
21.0,345.0,0.00057077625571
21.0,348.0,0.000570776004568
21.0,351.0,0.000456620753426
21.0,354.0,0.000228310502284
21.0,357.0,0.000342465753426
22.0,0.0,0.00057077625571
22.0,3.0,0.000114155251142
22.0,6.0,0.00045662025114199997
22.0,9.0,0.00022831
22.0,99.0,0.000114155251142
22.0,102.0,0.000114155251142
22.0,105.0,0.000114155251142
22.0,111.0,0.000342465753426
22.0,114.0,0.000114155251142
22.0,117.0,0.000570775502284
22.0,120.0,0.000456620502284
22.0,123.0,0.00091324
22.0,126.0,0.0011415502511419998
22.0,129.0,0.0007990849999999999
22.0,132.0,0.0005707752511419999
22.0,135.0,0.000913242009136
22.0,138.0,0.001598173013704
22.0,141.0,0.001369861757994
22.0,144.0,0.0030821887671299997
22.0,147.0,0.0030821877625619998
22.0,150.0,0.00445205002284
22.0,153.0,0.00536529127855
22.0,156.0,0.003995430273982
22.0,159.0,0.004452050273982
22.0,162.0,0.002968034018272
22.0,165.0,0.0015981712557099998
22.0,168.0,0.00148401625571
22.0,171.0,0.00194063751142
22.0,174.0,0.002283103013704
22.0,177.0,0.0021689467579939998
22.0,180.0,0.001141551004568
22.0,183.0,0.00136986125571
22.0,186.0,0.0009132402511419999
22.0,189.0,0.000684930753426
22.0,192.0,0.00045662
22.0,195.0,0.000456620502284
22.0,198.0,0.000228310251142
22.0,201.0,0.000228310502284
22.0,204.0,0.000228310502284
22.0,207.0,0.000342465251142
22.0,210.0,0.00022831
22.0,213.0,0.00045662025114199997
22.0,216.0,0.000228310502284
22.0,219.0,0.000456620502284
22.0,222.0,0.000456620753426
22.0,225.0,0.000114155
22.0,228.0,0.000570776004568
22.0,231.0,0.00045662025114199997
22.0,234.0,0.000228310251142
22.0,237.0,0.000114155251142
22.0,240.0,0.00045662
22.0,243.0,0.00022831
22.0,246.0,0.00034246499999999997
22.0,249.0,0.00022831
22.0,252.0,0.000684930502284
22.0,255.0,0.000342465502284
22.0,258.0,0.001027395502284
22.0,261.0,0.000456620753426
22.0,264.0,0.000342465502284
22.0,267.0,0.000456620502284
22.0,270.0,0.000456620502284
22.0,273.0,0.000570776004568
22.0,276.0,0.000684931506852
22.0,279.0,0.00091324125571
22.0,282.0,0.000114155251142
22.0,285.0,0.000684930753426
22.0,288.0,0.000570776004568
22.0,291.0,0.000228310502284
22.0,294.0,0.00022831
22.0,300.0,0.000570775753426
22.0,303.0,0.000114155251142
22.0,306.0,0.000456620753426
22.0,309.0,0.000114155251142
22.0,312.0,0.000114155251142
22.0,315.0,0.000456620502284
22.0,318.0,0.000228310251142
22.0,321.0,0.000228310251142
22.0,324.0,0.000570775753426
22.0,327.0,0.0007990857534259999
22.0,330.0,0.00079908625571
22.0,333.0,0.000114155251142
22.0,336.0,0.0007990849999999999
22.0,339.0,0.0006849302511419999
22.0,342.0,0.000342465502284
22.0,345.0,0.000684931506852
22.0,348.0,0.000456620753426
22.0,351.0,0.000456621004568
22.0,354.0,0.000342465753426
22.0,357.0,0.000228310502284
23.0,0.0,0.000114155251142
23.0,6.0,0.000228310251142
23.0,9.0,0.000114155
23.0,111.0,0.000114155251142
23.0,120.0,0.000228310251142
23.0,123.0,0.00045662025114199997
23.0,126.0,0.00022831
23.0,129.0,0.000342465251142
23.0,135.0,0.000456620753426
23.0,138.0,0.000456621004568
23.0,141.0,0.001255706757994
23.0,144.0,0.002397258264846
23.0,147.0,0.001826482009136
23.0,150.0,0.00308218751142
23.0,153.0,0.001940637009136
23.0,156.0,0.003310499018272
23.0,159.0,0.00182648251142
23.0,162.0,0.002853878013704
23.0,165.0,0.001598172009136
23.0,168.0,0.0007990857534259999
23.0,171.0,0.001255707009136
23.0,174.0,0.001141551757994
23.0,177.0,0.00091324125571
23.0,180.0,0.0011415505022839998
23.0,183.0,0.000684930502284
23.0,186.0,0.001369861004568
23.0,189.0,0.000570775502284
23.0,192.0,0.000342465502284
23.0,195.0,0.000456620753426
23.0,198.0,0.000114155251142
23.0,201.0,0.00022831
23.0,204.0,0.000228310251142
23.0,207.0,0.000114155
23.0,210.0,0.000114155251142
23.0,213.0,0.000114155251142
23.0,216.0,0.00045662025114199997
23.0,219.0,0.0006849302511419999
23.0,222.0,0.000228310251142
23.0,225.0,0.000114155
23.0,228.0,0.000114155
23.0,231.0,0.00034246499999999997
23.0,234.0,0.000114155251142
23.0,237.0,0.000114155
23.0,240.0,0.000228310251142
23.0,243.0,0.00022831
23.0,246.0,0.00022831
23.0,249.0,0.00022831
23.0,252.0,0.000342465502284
23.0,255.0,0.00022831
23.0,258.0,0.000228310251142
23.0,261.0,0.00022831
23.0,264.0,0.000342465502284
23.0,267.0,0.000228310251142
23.0,270.0,0.000684931004568
23.0,273.0,0.000228310502284
23.0,276.0,0.000228310502284
23.0,279.0,0.000570776004568
23.0,282.0,0.00034246499999999997
23.0,285.0,0.000456620502284
23.0,288.0,0.00045662
23.0,291.0,0.000114155
23.0,297.0,0.000342465251142
23.0,303.0,0.000342465251142
23.0,306.0,0.000114155
23.0,309.0,0.000799086757994
23.0,312.0,0.000228310502284
23.0,318.0,0.000342465753426
23.0,324.0,0.000114155251142
23.0,327.0,0.000342465251142
23.0,330.0,0.000342465753426
23.0,333.0,0.000228310251142
23.0,336.0,0.00022831
23.0,339.0,0.0007990855022839999
23.0,342.0,0.00022831
23.0,345.0,0.000799086506852
23.0,348.0,0.0009132405022839999
23.0,351.0,0.000342465753426
23.0,354.0,0.000114155251142
24.0,0.0,0.000114155251142
24.0,3.0,0.000342465251142
24.0,6.0,0.000228310251142
24.0,120.0,0.000114155
24.0,123.0,0.000228310502284
24.0,126.0,0.00022831
24.0,129.0,0.000456620502284
24.0,132.0,0.00022831
24.0,135.0,0.000684931004568
24.0,138.0,0.000570775753426
24.0,141.0,0.00171232625571
24.0,144.0,0.002054792009136
24.0,147.0,0.002625569018272
24.0,150.0,0.002511412009136
24.0,153.0,0.001712327009136
24.0,156.0,0.0026255685159879997
24.0,159.0,0.00228310251142
24.0,162.0,0.0009132407534259999
24.0,165.0,0.000114155251142
24.0,168.0,0.00034246499999999997
24.0,171.0,0.000342465502284
24.0,174.0,0.000570775502284
24.0,177.0,0.0005707752511419999
24.0,180.0,0.0005707752511419999
24.0,183.0,0.000684930502284
24.0,186.0,0.0005707752511419999
24.0,189.0,0.0006849302511419999
24.0,192.0,0.000228310251142
24.0,195.0,0.000114155251142
24.0,201.0,0.000114155
24.0,204.0,0.000114155
24.0,207.0,0.000114155
24.0,213.0,0.000342465502284
24.0,216.0,0.000342465251142
24.0,219.0,0.000684930753426
24.0,222.0,0.000342465502284
24.0,228.0,0.000114155251142
24.0,237.0,0.000114155
24.0,240.0,0.000228310251142
24.0,243.0,0.000114155
24.0,249.0,0.00045662025114199997
24.0,252.0,0.000228310251142
24.0,255.0,0.000228310251142
24.0,258.0,0.000228310502284
24.0,261.0,0.000342465251142
24.0,264.0,0.000114155251142
24.0,267.0,0.000228310251142
24.0,270.0,0.0007990857534259999
24.0,273.0,0.000342465251142
24.0,276.0,0.000114155251142
24.0,282.0,0.000114155
24.0,285.0,0.000342465251142
24.0,294.0,0.000114155251142
24.0,297.0,0.000114155251142
24.0,300.0,0.000114155251142
24.0,303.0,0.000114155251142
24.0,306.0,0.000228310251142
24.0,309.0,0.000228310502284
24.0,312.0,0.000228310251142
24.0,315.0,0.000342465502284
24.0,318.0,0.000342465251142
24.0,324.0,0.000114155
24.0,333.0,0.000114155251142
24.0,339.0,0.000228310502284
24.0,342.0,0.000228310251142
24.0,345.0,0.000114155251142
24.0,348.0,0.000228310251142
24.0,351.0,0.000342465753426
25.0,0.0,0.000114155251142
25.0,3.0,0.000114155
25.0,6.0,0.000114155
25.0,126.0,0.000114155
25.0,129.0,0.00034246499999999997
25.0,132.0,0.000228310251142
25.0,135.0,0.00034246499999999997
25.0,138.0,0.000684930502284
25.0,141.0,0.00194063625571
25.0,144.0,0.0015981707534259999
25.0,147.0,0.001255705753426
25.0,150.0,0.0007990852511419999
25.0,153.0,0.00171232625571
25.0,156.0,0.001369861004568
25.0,159.0,0.000570775502284
25.0,162.0,0.001598171757994
25.0,165.0,0.00114155125571
25.0,168.0,0.0006849302511419999
25.0,171.0,0.00045662025114199997
25.0,174.0,0.000342465251142
25.0,177.0,0.00045662
25.0,180.0,0.000228310502284
25.0,183.0,0.00022831
25.0,189.0,0.000114155
25.0,192.0,0.000342465502284
25.0,195.0,0.000228310502284
25.0,207.0,0.000114155
25.0,210.0,0.000114155251142
25.0,219.0,0.000228310251142
25.0,222.0,0.000228310251142
25.0,231.0,0.000114155251142
25.0,240.0,0.000114155
25.0,246.0,0.000114155
25.0,255.0,0.000114155
25.0,258.0,0.00022831
25.0,264.0,0.000342465502284
25.0,267.0,0.000114155251142
25.0,270.0,0.00034246499999999997
25.0,273.0,0.000114155251142
25.0,282.0,0.000114155
25.0,285.0,0.000228310251142
25.0,291.0,0.000114155
25.0,294.0,0.000114155251142
25.0,300.0,0.000114155251142
25.0,303.0,0.000114155
25.0,306.0,0.000228310502284
25.0,318.0,0.000228310251142
25.0,327.0,0.000228310251142
25.0,333.0,0.000456621004568
25.0,336.0,0.000228310502284
25.0,339.0,0.000114155251142
25.0,342.0,0.000114155251142
25.0,345.0,0.000228310502284
25.0,348.0,0.000342465753426
25.0,351.0,0.000228310502284
25.0,354.0,0.000228310502284
26.0,126.0,0.000114155
26.0,129.0,0.000114155
26.0,132.0,0.000114155
26.0,138.0,0.000228310251142
26.0,141.0,0.0006849299999999999
26.0,144.0,0.0013698607534259998
26.0,147.0,0.001712326004568
26.0,150.0,0.00171232625571
26.0,153.0,0.0011415502511419998
26.0,156.0,0.000684931506852
26.0,159.0,0.000228310251142
26.0,162.0,0.00045662025114199997
26.0,165.0,0.000342465251142
26.0,171.0,0.000456620753426
26.0,174.0,0.000114155
26.0,177.0,0.000114155251142
26.0,183.0,0.000228310251142
26.0,186.0,0.000114155
26.0,189.0,0.000114155
26.0,204.0,0.000114155251142
26.0,213.0,0.00022831
26.0,219.0,0.000114155251142
26.0,222.0,0.000114155
26.0,225.0,0.000114155251142
26.0,234.0,0.000114155
26.0,237.0,0.00022831
26.0,246.0,0.000228310251142
26.0,249.0,0.00045662025114199997
26.0,279.0,0.000114155251142
26.0,282.0,0.000114155251142
26.0,285.0,0.000114155
26.0,297.0,0.000114155251142
26.0,300.0,0.000114155251142
26.0,303.0,0.000114155251142
26.0,315.0,0.000228310502284
26.0,324.0,0.000228310251142
26.0,333.0,0.000114155251142
26.0,336.0,0.000114155251142
26.0,339.0,0.000228310502284
26.0,342.0,0.000228310251142
26.0,345.0,0.000114155251142
26.0,351.0,0.000456621004568
27.0,138.0,0.000114155251142
27.0,141.0,0.000342465251142
27.0,144.0,0.0007990857534259999
27.0,147.0,0.000799086004568
27.0,150.0,0.0018264807534259999
27.0,153.0,0.0007990852511419999
27.0,156.0,0.000342465753426
27.0,159.0,0.000456620753426
27.0,162.0,0.000342465502284
27.0,165.0,0.00102739625571
27.0,168.0,0.000228310502284
27.0,171.0,0.000456620502284
27.0,174.0,0.000114155251142
27.0,180.0,0.000114155251142
27.0,183.0,0.000114155
27.0,186.0,0.00022831
27.0,189.0,0.00022831
27.0,207.0,0.000114155251142
27.0,210.0,0.00022831
27.0,213.0,0.000114155
27.0,216.0,0.000114155251142
27.0,219.0,0.000228310502284
27.0,222.0,0.000114155251142
27.0,225.0,0.00022831
27.0,231.0,0.000114155251142
27.0,234.0,0.00045662
27.0,237.0,0.000114155251142
27.0,240.0,0.000228310251142
27.0,243.0,0.000114155
27.0,246.0,0.000114155
27.0,255.0,0.000114155
27.0,258.0,0.000114155251142
27.0,261.0,0.000114155251142
27.0,285.0,0.000114155251142
27.0,288.0,0.000114155
27.0,291.0,0.000114155251142
27.0,312.0,0.000114155251142
27.0,315.0,0.000114155251142
27.0,330.0,0.000114155
27.0,336.0,0.000114155251142
27.0,345.0,0.000114155251142
27.0,351.0,0.000114155251142
28.0,138.0,0.000114155251142
28.0,141.0,0.000228310502284
28.0,144.0,0.001027396506852
28.0,147.0,0.000684930753426
28.0,150.0,0.0006849302511419999
28.0,153.0,0.001255705251142
28.0,156.0,0.000799086004568
28.0,159.0,0.000570776004568
28.0,162.0,0.000228310502284
28.0,165.0,0.000342465753426
28.0,168.0,0.000456621004568
28.0,171.0,0.000228310251142
28.0,180.0,0.000114155
28.0,183.0,0.000114155
28.0,210.0,0.000114155251142
28.0,222.0,0.000114155
28.0,243.0,0.00022831
28.0,249.0,0.000114155
28.0,252.0,0.000114155
28.0,261.0,0.000114155
28.0,264.0,0.000114155251142
28.0,288.0,0.000342465753426
28.0,291.0,0.000228310502284
28.0,309.0,0.000114155
28.0,312.0,0.000114155
28.0,315.0,0.000114155251142
28.0,324.0,0.00022831
28.0,327.0,0.000114155
28.0,330.0,0.000228310502284
28.0,345.0,0.000114155251142
29.0,141.0,0.00045662
29.0,144.0,0.000342465753426
29.0,147.0,0.000342465753426
29.0,150.0,0.000342465502284
29.0,153.0,0.0006849302511419999
29.0,156.0,0.000570775502284
29.0,159.0,0.000456621004568
29.0,162.0,0.000799086506852
29.0,165.0,0.000228310251142
29.0,168.0,0.000114155251142
29.0,171.0,0.000228310502284
29.0,210.0,0.000114155251142
29.0,246.0,0.000114155
29.0,252.0,0.000114155
29.0,255.0,0.000114155
29.0,258.0,0.000114155
29.0,288.0,0.000114155251142
29.0,306.0,0.000228310251142
29.0,312.0,0.000228310251142
29.0,318.0,0.000114155251142
29.0,327.0,0.000114155251142
29.0,330.0,0.000228310502284
30.0,144.0,0.000456620502284
30.0,147.0,0.000114155
30.0,150.0,0.0006849302511419999
30.0,153.0,0.00102739625571
30.0,156.0,0.00114155125571
30.0,159.0,0.00034246499999999997
30.0,162.0,0.00045662
30.0,201.0,0.000114155251142
30.0,240.0,0.000114155
30.0,279.0,0.000114155
30.0,288.0,0.000228310251142
30.0,291.0,0.000114155
30.0,300.0,0.000114155
30.0,312.0,0.000114155
30.0,324.0,0.00022831
31.0,144.0,0.000228310502284
31.0,147.0,0.000228310502284
31.0,153.0,0.0007990849999999999
31.0,156.0,0.00034246499999999997
31.0,159.0,0.00034246499999999997
31.0,264.0,0.000114155
31.0,303.0,0.000114155
32.0,150.0,0.000114155251142
32.0,156.0,0.000114155
32.0,213.0,0.000114155251142
32.0,255.0,0.000114155
32.0,291.0,0.000114155
32.0,297.0,0.000114155
32.0,306.0,0.000114155
32.0,339.0,0.000114155
33.0,147.0,0.000114155251142
33.0,150.0,0.000114155251142
33.0,333.0,0.000114155
34.0,261.0,0.000114155
35.0,345.0,0.000114155
36.0,267.0,0.000114155
38.0,291.0,0.000114155
39.0,276.0,0.000114155
