angle,w.speed,Freq
0.0,0.0,0.000228310502284
0.0,1.0,0.001940637260278
0.0,2.0,0.00285387876713
0.0,3.0,0.0035388097716979997
0.0,4.0,0.00479451502284
0.0,5.0,0.0061643785388279995
0.0,6.0,0.006963461780834
0.0,7.0,0.0066209972831179995
0.0,8.0,0.006050221780834
0.0,9.0,0.006506841027408
0.0,10.0,0.006506843287686
0.0,11.0,0.0075342377854019996
0.0,12.0,0.0057077562785499995
0.0,13.0,0.004680360776266
0.0,14.0,0.0035388097716979997
0.0,15.0,0.002054793515988
0.0,16.0,0.00136986125571
0.0,17.0,0.004223741529692
0.0,18.0,0.001484017260278
0.0,19.0,0.000913241757994
0.0,20.0,0.000799086506852
0.0,21.0,0.000456620753426
0.0,22.0,0.00057077625571
0.0,23.0,0.000114155251142
0.0,24.0,0.000114155251142
0.0,25.0,0.000114155251142
3.0,0.0,0.000228310251142
3.0,1.0,0.001369862009136
3.0,2.0,0.002853878013704
3.0,3.0,0.0042237407762659995
3.0,4.0,0.005593601780834
3.0,5.0,0.005593602031976
3.0,6.0,0.006963461780834
3.0,7.0,0.007762548538828
3.0,8.0,0.006620996027408
3.0,9.0,0.00547944627855
3.0,10.0,0.0071917727854019994
3.0,11.0,0.0067351515296919994
3.0,12.0,0.003881274269414
3.0,13.0,0.0030821882648459998
3.0,14.0,0.00296803376713
3.0,15.0,0.002397258264846
3.0,16.0,0.002739724269414
3.0,17.0,0.001369862009136
3.0,18.0,0.001369862762562
3.0,19.0,0.000913241506852
3.0,20.0,0.001598173515988
3.0,21.0,0.0010273972602779999
3.0,22.0,0.000114155251142
3.0,24.0,0.000342465251142
3.0,25.0,0.000114155
6.0,0.0,0.000114155
6.0,1.0,0.001027395753426
6.0,2.0,0.002397257762562
6.0,3.0,0.003424653264846
6.0,4.0,0.004680360776266
6.0,5.0,0.006849306278549999
6.0,6.0,0.00582191127855
6.0,7.0,0.0061643770319759995
6.0,8.0,0.0057077547716979996
6.0,9.0,0.005821912031976
6.0,10.0,0.0057077562785499995
6.0,11.0,0.005136981529692
6.0,12.0,0.004337894771698
6.0,13.0,0.002739724018272
6.0,14.0,0.002397258264846
6.0,15.0,0.00102739625571
6.0,16.0,0.000684930753426
6.0,17.0,0.000684930753426
6.0,18.0,0.001255707260278
6.0,19.0,0.000799086506852
6.0,20.0,0.000456621004568
6.0,22.0,0.00045662025114199997
6.0,23.0,0.000228310251142
6.0,24.0,0.000228310251142
6.0,25.0,0.000114155
9.0,0.0,0.00022831
9.0,1.0,0.000570776004568
9.0,2.0,0.002968034018272
9.0,3.0,0.003310499771698
9.0,4.0,0.005821912283118
9.0,5.0,0.0057077572831179995
9.0,6.0,0.005936066780834
9.0,7.0,0.00547944627855
9.0,8.0,0.003767120273982
9.0,9.0,0.0043378955251239994
9.0,10.0,0.005479447031976
9.0,11.0,0.004109586027408
9.0,12.0,0.002283102762562
9.0,13.0,0.001598172762562
9.0,14.0,0.00114155125571
9.0,15.0,0.000913241004568
9.0,16.0,0.00091324125571
9.0,17.0,0.001027396506852
9.0,18.0,0.000799086506852
9.0,19.0,0.00068493125571
9.0,20.0,0.000228310502284
9.0,21.0,0.000114155
9.0,22.0,0.00022831
9.0,23.0,0.000114155
12.0,0.0,0.000342465753426
12.0,1.0,0.001484016757994
12.0,2.0,0.002283102260278
12.0,3.0,0.005479448036544
12.0,4.0,0.003310500273982
12.0,5.0,0.005136981027408
12.0,6.0,0.005022825273982
12.0,7.0,0.00410958502284
12.0,8.0,0.004794516529692
12.0,9.0,0.003310498515988
12.0,10.0,0.004109584269414
12.0,11.0,0.002739723264846
12.0,12.0,0.002283104018272
12.0,13.0,0.001940638515988
12.0,14.0,0.000913241506852
12.0,15.0,0.001255707762562
12.0,16.0,0.001027396757994
12.0,17.0,0.000342465502284
12.0,18.0,0.00079908625571
12.0,19.0,0.000228310502284
12.0,20.0,0.000114155
15.0,1.0,0.00159817251142
15.0,2.0,0.0031963430137039997
15.0,3.0,0.003881274771698
15.0,4.0,0.0043378955251239994
15.0,5.0,0.0042237397716979996
15.0,6.0,0.00479451502284
15.0,7.0,0.002397258264846
15.0,8.0,0.0035388090182719998
15.0,9.0,0.004223739018272
15.0,10.0,0.003881274520556
15.0,11.0,0.00159817251142
15.0,12.0,0.001712327260278
15.0,13.0,0.001598173013704
15.0,14.0,0.000799086506852
15.0,15.0,0.002054793515988
15.0,16.0,0.000228310251142
15.0,17.0,0.000342465502284
15.0,18.0,0.000114155251142
15.0,19.0,0.000456620753426
18.0,0.0,0.000114155
18.0,1.0,0.000799086757994
18.0,2.0,0.002853879269414
18.0,3.0,0.003881273515988
18.0,4.0,0.002511414018272
18.0,5.0,0.00365296502284
18.0,6.0,0.004680360525124
18.0,7.0,0.003424654269414
18.0,8.0,0.003652964018272
18.0,9.0,0.001826482260278
18.0,10.0,0.0021689467579939998
18.0,11.0,0.002054793264846
18.0,12.0,0.001255706757994
18.0,13.0,0.001255706757994
18.0,14.0,0.00079908625571
18.0,15.0,0.000684930502284
18.0,16.0,0.000342465251142
18.0,17.0,0.000342465251142
18.0,19.0,0.000114155
21.0,0.0,0.00022831
21.0,1.0,0.001255707260278
21.0,2.0,0.003767120525124
21.0,3.0,0.004109584771698
21.0,4.0,0.004109585525124
21.0,5.0,0.005821911529691999
21.0,6.0,0.003881272762562
21.0,7.0,0.002968032762562
21.0,8.0,0.002853877762562
21.0,9.0,0.002168948515988
21.0,10.0,0.002283102762562
21.0,11.0,0.001484016757994
21.0,12.0,0.000684930753426
21.0,13.0,0.000456620502284
21.0,14.0,0.000456621004568
21.0,15.0,0.0005707752511419999
21.0,16.0,0.00034246499999999997
21.0,17.0,0.000114155
21.0,18.0,0.000114155251142
21.0,19.0,0.000114155251142
24.0,1.0,0.002054792260278
24.0,2.0,0.003995429269414
24.0,3.0,0.002853878515988
24.0,4.0,0.003652964771698
24.0,5.0,0.004223740525124
24.0,6.0,0.00273972251142
24.0,7.0,0.002283102260278
24.0,8.0,0.002168948264846
24.0,9.0,0.00148401625571
24.0,10.0,0.001027395753426
24.0,11.0,0.000913241004568
24.0,12.0,0.000684930753426
24.0,13.0,0.000342465251142
24.0,14.0,0.00045662025114199997
24.0,15.0,0.00045662
24.0,16.0,0.000342465251142
24.0,18.0,0.000114155251142
27.0,0.0,0.000342465753426
27.0,1.0,0.00251141376713
27.0,2.0,0.00251141251142
27.0,3.0,0.004566205776266
27.0,4.0,0.00422374002284
27.0,5.0,0.00593606753426
27.0,6.0,0.00273972376713
27.0,7.0,0.002968033264846
27.0,8.0,0.001369862009136
27.0,9.0,0.001484016506852
27.0,10.0,0.0009132405022839999
27.0,11.0,0.000570775502284
27.0,12.0,0.0007990857534259999
27.0,13.0,0.000228310502284
27.0,14.0,0.00022831
27.0,15.0,0.0005707752511419999
27.0,16.0,0.000114155251142
27.0,17.0,0.000114155251142
27.0,20.0,0.000114155251142
30.0,0.0,0.000228310502284
30.0,1.0,0.001712326506852
30.0,2.0,0.002054792260278
30.0,3.0,0.005365291780834
30.0,4.0,0.003881274269414
30.0,5.0,0.004223739269414
30.0,6.0,0.003881274269414
30.0,7.0,0.002397257762562
30.0,8.0,0.0026255677625619997
30.0,9.0,0.00194063751142
30.0,10.0,0.00091324125571
30.0,11.0,0.001141551004568
30.0,12.0,0.000228310251142
30.0,13.0,0.000342465753426
30.0,14.0,0.000114155
30.0,15.0,0.000114155251142
30.0,16.0,0.000228310251142
33.0,0.0,0.000456621004568
33.0,1.0,0.001598172009136
33.0,2.0,0.0021689477625619997
33.0,3.0,0.003196344520556
33.0,4.0,0.00388127502284
33.0,5.0,0.002397257762562
33.0,6.0,0.004452049018272
33.0,7.0,0.00205479251142
33.0,8.0,0.002054792260278
33.0,9.0,0.000913241004568
33.0,10.0,0.000684930753426
33.0,11.0,0.001027396004568
33.0,12.0,0.000342465753426
33.0,13.0,0.000342465251142
33.0,14.0,0.000228310251142
33.0,16.0,0.000114155
36.0,1.0,0.001141551757994
36.0,2.0,0.0030821892694139997
36.0,3.0,0.003310499018272
36.0,4.0,0.00468036127855
36.0,5.0,0.00365296502284
36.0,6.0,0.002739723264846
36.0,7.0,0.00216894876713
36.0,8.0,0.000342465502284
36.0,9.0,0.001484017260278
36.0,10.0,0.001255706004568
36.0,11.0,0.00022831
36.0,12.0,0.000114155
36.0,13.0,0.00022831
36.0,14.0,0.000114155251142
36.0,15.0,0.000114155
39.0,0.0,0.000342465251142
39.0,1.0,0.001141551757994
39.0,2.0,0.0026255677625619997
39.0,3.0,0.003424654018272
39.0,4.0,0.003652964018272
39.0,5.0,0.003652965525124
39.0,6.0,0.002968034520556
39.0,7.0,0.001940637762562
39.0,8.0,0.001369861757994
39.0,9.0,0.000342465251142
39.0,10.0,0.00114155125571
39.0,11.0,0.000799086004568
39.0,12.0,0.000456620502284
39.0,13.0,0.000228310251142
39.0,18.0,0.000114155251142
42.0,0.0,0.00022831
42.0,1.0,0.00148401751142
42.0,2.0,0.001826482009136
42.0,3.0,0.0026255682648459997
42.0,4.0,0.003652964269414
42.0,5.0,0.003767119018272
42.0,6.0,0.0030821890182719997
42.0,7.0,0.001598172762562
42.0,8.0,0.001712326506852
42.0,9.0,0.0009132407534259999
42.0,10.0,0.00136986125571
42.0,11.0,0.00045662025114199997
42.0,12.0,0.000456620753426
42.0,13.0,0.00022831
42.0,14.0,0.000114155251142
42.0,17.0,0.000114155251142
45.0,0.0,0.000342465502284
45.0,1.0,0.001027395753426
45.0,2.0,0.0030821882648459998
45.0,3.0,0.004337894771698
45.0,4.0,0.003196343264846
45.0,5.0,0.0031963420091359997
45.0,6.0,0.00273972251142
45.0,7.0,0.001369861506852
45.0,8.0,0.0015981712557099998
45.0,9.0,0.00102739625571
45.0,10.0,0.000684931004568
45.0,11.0,0.000114155251142
45.0,12.0,0.000570775502284
45.0,13.0,0.000228310251142
45.0,14.0,0.000228310251142
45.0,20.0,0.000114155251142
48.0,0.0,0.000342465251142
48.0,1.0,0.000684931004568
48.0,2.0,0.002511414018272
48.0,3.0,0.003196343515988
48.0,4.0,0.003424654269414
48.0,5.0,0.004109584771698
48.0,6.0,0.002853876757994
48.0,7.0,0.00102739625571
48.0,8.0,0.0006849302511419999
48.0,9.0,0.001598171757994
48.0,10.0,0.0009132407534259999
48.0,11.0,0.000228310251142
48.0,12.0,0.000114155251142
48.0,13.0,0.000114155
48.0,18.0,0.000114155251142
48.0,20.0,0.000114155
51.0,1.0,0.000342465753426
51.0,2.0,0.002625569018272
51.0,3.0,0.002397257260278
51.0,4.0,0.003424654771698
51.0,5.0,0.003196343515988
51.0,6.0,0.0026255682648459997
51.0,7.0,0.00114155125571
51.0,8.0,0.00079908625571
51.0,9.0,0.0005707752511419999
51.0,10.0,0.001598172009136
51.0,11.0,0.000570776004568
51.0,12.0,0.000342465251142
51.0,13.0,0.000228310251142
54.0,1.0,0.001484017260278
54.0,2.0,0.002283102762562
54.0,3.0,0.002968032762562
54.0,4.0,0.003424654018272
54.0,5.0,0.002397257762562
54.0,6.0,0.003424653515988
54.0,7.0,0.001712326757994
54.0,8.0,0.00057077625571
54.0,9.0,0.00125570625571
54.0,10.0,0.0006849302511419999
54.0,11.0,0.00022831
54.0,12.0,0.000228310502284
54.0,14.0,0.000114155
54.0,17.0,0.000114155251142
57.0,0.0,0.000114155
57.0,1.0,0.001369862260278
57.0,2.0,0.00205479251142
57.0,3.0,0.00262556876713
57.0,4.0,0.003767118264846
57.0,5.0,0.0035388105251239997
57.0,6.0,0.002283102260278
57.0,7.0,0.00148401625571
57.0,8.0,0.001712327009136
57.0,9.0,0.000456620502284
57.0,10.0,0.0005707752511419999
57.0,11.0,0.000570775753426
57.0,12.0,0.000342465502284
60.0,0.0,0.000342465251142
60.0,1.0,0.0015981715068519998
60.0,2.0,0.001940637009136
60.0,3.0,0.00331049751142
60.0,4.0,0.001826483013704
60.0,5.0,0.002511413515988
60.0,6.0,0.00205479251142
60.0,7.0,0.001826482260278
60.0,8.0,0.0015981715068519998
60.0,9.0,0.0007990857534259999
60.0,10.0,0.000684931004568
60.0,11.0,0.000114155251142
60.0,12.0,0.000342465502284
60.0,13.0,0.000228310251142
60.0,15.0,0.000228310502284
60.0,18.0,0.000114155
63.0,0.0,0.000456620502284
63.0,1.0,0.00125570625571
63.0,2.0,0.001598171757994
63.0,3.0,0.002739722762562
63.0,4.0,0.002283102762562
63.0,5.0,0.003767119771698
63.0,6.0,0.0026255675114199998
63.0,7.0,0.001369862009136
63.0,8.0,0.00091324125571
63.0,9.0,0.0015981715068519998
63.0,10.0,0.0006849302511419999
63.0,11.0,0.000342465251142
63.0,12.0,0.000228310251142
63.0,13.0,0.000114155
63.0,16.0,0.000114155251142
66.0,0.0,0.000114155251142
66.0,1.0,0.0018264812557099999
66.0,2.0,0.002283101506852
66.0,3.0,0.00342465251142
66.0,4.0,0.002853878264846
66.0,5.0,0.0030821880137039998
66.0,6.0,0.001484017260278
66.0,7.0,0.001712327009136
66.0,8.0,0.00148401751142
66.0,9.0,0.0009132405022839999
66.0,10.0,0.000684930753426
66.0,11.0,0.000228310502284
66.0,12.0,0.000114155
66.0,13.0,0.000456620502284
66.0,16.0,0.000228310251142
66.0,17.0,0.000114155251142
69.0,0.0,0.000114155251142
69.0,1.0,0.001940638264846
69.0,2.0,0.00205479251142
69.0,3.0,0.004109584269414
69.0,4.0,0.002739723264846
69.0,5.0,0.002511414018272
69.0,6.0,0.001826483013704
69.0,7.0,0.001484017009136
69.0,8.0,0.001027396004568
69.0,9.0,0.0009132405022839999
69.0,10.0,0.000456620502284
69.0,11.0,0.000342465502284
69.0,12.0,0.000456620753426
69.0,13.0,0.000228310251142
69.0,14.0,0.000114155251142
69.0,15.0,0.000228310502284
69.0,17.0,0.000114155251142
69.0,18.0,0.000114155
72.0,0.0,0.000342465502284
72.0,1.0,0.00136986125571
72.0,2.0,0.0015981715068519998
72.0,3.0,0.002968034018272
72.0,4.0,0.001712326757994
72.0,5.0,0.001940637009136
72.0,6.0,0.0035388105251239997
72.0,7.0,0.000913241506852
72.0,8.0,0.001369862260278
72.0,9.0,0.0009132407534259999
72.0,10.0,0.001141551757994
72.0,11.0,0.000228310251142
72.0,12.0,0.0007990857534259999
72.0,13.0,0.000342465502284
72.0,14.0,0.000114155
72.0,15.0,0.000228310251142
75.0,0.0,0.000342465251142
75.0,1.0,0.001940636757994
75.0,2.0,0.00308218751142
75.0,3.0,0.00239725751142
75.0,4.0,0.003310499018272
75.0,5.0,0.002054792762562
75.0,6.0,0.0018264817579939998
75.0,7.0,0.001598172762562
75.0,8.0,0.000913241004568
75.0,9.0,0.0007990857534259999
75.0,10.0,0.001484017009136
75.0,11.0,0.001255707260278
75.0,12.0,0.000570776004568
75.0,13.0,0.00045662025114199997
75.0,14.0,0.000228310251142
75.0,15.0,0.000114155
78.0,0.0,0.000570776004568
78.0,1.0,0.001141551506852
78.0,2.0,0.00251141251142
78.0,3.0,0.00331049876713
78.0,4.0,0.00273972376713
78.0,5.0,0.002968034269414
78.0,6.0,0.001826482260278
78.0,7.0,0.002054793013704
78.0,8.0,0.001027395251142
78.0,9.0,0.001255706757994
78.0,10.0,0.001255706506852
78.0,11.0,0.001027396506852
78.0,12.0,0.000570776004568
78.0,13.0,0.000456621004568
78.0,14.0,0.000456620753426
78.0,15.0,0.00022831
81.0,1.0,0.00148401625571
81.0,2.0,0.002397258013704
81.0,3.0,0.0035388092694139998
81.0,4.0,0.00296803376713
81.0,5.0,0.00262556876713
81.0,6.0,0.002283102762562
81.0,7.0,0.00205479251142
81.0,8.0,0.001027396004568
81.0,9.0,0.001027396757994
81.0,10.0,0.001255707009136
81.0,11.0,0.001712327762562
81.0,12.0,0.00068493125571
81.0,13.0,0.00057077625571
81.0,14.0,0.000342465753426
81.0,15.0,0.000228310251142
81.0,16.0,0.000114155251142
84.0,1.0,0.00125570625571
84.0,2.0,0.003196344269414
84.0,3.0,0.0021689472602779997
84.0,4.0,0.002054792260278
84.0,5.0,0.002853879520556
84.0,6.0,0.002853879269414
84.0,7.0,0.002168948515988
84.0,8.0,0.001712327762562
84.0,9.0,0.002168948013704
84.0,10.0,0.0010273970091359999
84.0,11.0,0.001027396506852
84.0,12.0,0.000342465502284
84.0,13.0,0.00091324125571
84.0,14.0,0.00022831
84.0,15.0,0.000228310251142
84.0,19.0,0.000114155
87.0,0.0,0.000114155251142
87.0,1.0,0.001940637009136
87.0,2.0,0.002853879269414
87.0,3.0,0.0030821882648459998
87.0,4.0,0.0021689465068519998
87.0,5.0,0.002283103013704
87.0,6.0,0.002511413264846
87.0,7.0,0.002739724269414
87.0,8.0,0.00148401751142
87.0,9.0,0.00091324125571
87.0,10.0,0.001027396506852
87.0,11.0,0.00079908625571
87.0,12.0,0.0006849302511419999
87.0,13.0,0.000342465502284
87.0,14.0,0.000799086004568
87.0,15.0,0.000114155251142
87.0,16.0,0.000228310502284
90.0,0.0,0.000228310251142
90.0,1.0,0.00125570625571
90.0,2.0,0.001940637762562
90.0,3.0,0.00205479251142
90.0,4.0,0.00319634376713
90.0,5.0,0.00251141376713
90.0,6.0,0.00273972376713
90.0,7.0,0.002739724269414
90.0,8.0,0.001255706757994
90.0,9.0,0.001484016757994
90.0,10.0,0.001598171757994
90.0,11.0,0.001141551506852
90.0,12.0,0.000799086506852
90.0,13.0,0.000799086506852
90.0,14.0,0.000228310502284
90.0,16.0,0.000114155251142
90.0,17.0,0.000114155
90.0,18.0,0.00022831
90.0,19.0,0.000114155
93.0,0.0,0.000228310502284
93.0,1.0,0.00091324125571
93.0,2.0,0.00251141251142
93.0,3.0,0.0030821885159879998
93.0,4.0,0.0035388092694139998
93.0,5.0,0.0021689470091359997
93.0,6.0,0.002397257762562
93.0,7.0,0.0021689477625619997
93.0,8.0,0.001940637762562
93.0,9.0,0.001712327009136
93.0,10.0,0.001826482260278
93.0,11.0,0.000799086004568
93.0,12.0,0.00091324125571
93.0,13.0,0.000342465502284
93.0,14.0,0.000684931004568
93.0,15.0,0.000684930502284
93.0,16.0,0.000570775502284
93.0,17.0,0.000114155
93.0,18.0,0.000456620502284
93.0,20.0,0.000114155251142
96.0,0.0,0.000342465502284
96.0,1.0,0.00171232751142
96.0,2.0,0.002511412762562
96.0,3.0,0.0021689475114199997
96.0,4.0,0.00308218751142
96.0,5.0,0.001940637762562
96.0,6.0,0.002511413264846
96.0,7.0,0.003196343264846
96.0,8.0,0.002397258515988
96.0,9.0,0.002054793515988
96.0,10.0,0.001369862260278
96.0,11.0,0.00079908625571
96.0,12.0,0.00159817251142
96.0,13.0,0.00079908625571
96.0,14.0,0.0009132407534259999
96.0,15.0,0.001141551004568
96.0,16.0,0.00091324125571
96.0,17.0,0.000342465502284
96.0,18.0,0.000228310251142
99.0,0.0,0.000456620502284
99.0,1.0,0.00148401625571
99.0,2.0,0.001712327260278
99.0,3.0,0.0026255682648459997
99.0,4.0,0.00251141251142
99.0,5.0,0.002739723515988
99.0,6.0,0.0021689470091359997
99.0,7.0,0.003196345273982
99.0,8.0,0.001826482260278
99.0,9.0,0.003196344018272
99.0,10.0,0.00148401625571
99.0,11.0,0.002739724018272
99.0,12.0,0.002168948264846
99.0,13.0,0.001369862260278
99.0,14.0,0.000684930502284
99.0,15.0,0.000570775753426
99.0,16.0,0.000456620753426
99.0,18.0,0.000114155251142
99.0,19.0,0.000114155251142
99.0,22.0,0.000114155251142
102.0,0.0,0.000342465502284
102.0,1.0,0.001255705502284
102.0,2.0,0.002968033264846
102.0,3.0,0.0015981712557099998
102.0,4.0,0.0026255677625619997
102.0,5.0,0.001940636757994
102.0,6.0,0.002968034018272
102.0,7.0,0.00239725876713
102.0,8.0,0.002968033264846
102.0,9.0,0.00262556876713
102.0,10.0,0.0030821885159879998
102.0,11.0,0.001369861757994
102.0,12.0,0.00136986251142
102.0,13.0,0.001598172260278
102.0,14.0,0.000799086506852
102.0,15.0,0.000342465502284
102.0,16.0,0.00045662
102.0,17.0,0.000114155
102.0,18.0,0.000342465502284
102.0,19.0,0.00022831
102.0,21.0,0.000228310502284
102.0,22.0,0.000114155251142
105.0,0.0,0.000114155251142
105.0,1.0,0.001027395502284
105.0,2.0,0.001369862009136
105.0,3.0,0.003310498515988
105.0,4.0,0.002283102009136
105.0,5.0,0.00342465376713
105.0,6.0,0.0030821882648459998
105.0,7.0,0.00273972376713
105.0,8.0,0.002739724771698
105.0,9.0,0.0043378940182719995
105.0,10.0,0.002283103013704
105.0,11.0,0.0021689477625619997
105.0,12.0,0.0015981715068519998
105.0,13.0,0.00148401751142
105.0,14.0,0.001255707009136
105.0,15.0,0.000114155251142
105.0,17.0,0.000456620502284
105.0,18.0,0.000228310251142
105.0,19.0,0.000228310251142
105.0,22.0,0.000114155251142
108.0,1.0,0.001141551506852
108.0,2.0,0.0026255685159879997
108.0,3.0,0.002511413515988
108.0,4.0,0.002739722762562
108.0,5.0,0.002853878515988
108.0,6.0,0.002853878264846
108.0,7.0,0.001712326757994
108.0,8.0,0.002739723515988
108.0,9.0,0.003310497762562
108.0,10.0,0.002054792009136
108.0,11.0,0.00296803251142
108.0,12.0,0.001255705753426
108.0,13.0,0.002625569269414
108.0,14.0,0.000570776004568
108.0,15.0,0.000570775753426
108.0,16.0,0.000228310502284
108.0,17.0,0.000228310251142
108.0,18.0,0.000456620502284
108.0,20.0,0.000114155251142
111.0,0.0,0.000114155251142
111.0,1.0,0.001369862762562
111.0,2.0,0.001598171757994
111.0,3.0,0.002397258264846
111.0,4.0,0.0030821885159879998
111.0,5.0,0.0030821882648459998
111.0,6.0,0.003995429520556
111.0,7.0,0.003652965525124
111.0,8.0,0.004109585273982
111.0,9.0,0.003767119520556
111.0,10.0,0.003652964520556
111.0,11.0,0.00342465376713
111.0,12.0,0.002853878264846
111.0,13.0,0.00194063751142
111.0,14.0,0.001141551757994
111.0,15.0,0.00159817251142
111.0,16.0,0.000799086004568
111.0,17.0,0.0009132407534259999
111.0,18.0,0.0005707752511419999
111.0,19.0,0.00045662025114199997
111.0,20.0,0.000114155
111.0,22.0,0.000342465753426
111.0,23.0,0.000114155251142
114.0,0.0,0.000114155251142
114.0,1.0,0.000799086004568
114.0,2.0,0.002853877762562
114.0,3.0,0.003082190273982
114.0,4.0,0.003652964771698
114.0,5.0,0.002739722762562
114.0,6.0,0.003310499269414
114.0,7.0,0.003767119018272
114.0,8.0,0.00468035876713
114.0,9.0,0.003767119771698
114.0,10.0,0.004223738264846
114.0,11.0,0.00410958376713
114.0,12.0,0.002853878264846
114.0,13.0,0.0021689477625619997
114.0,14.0,0.00239725751142
114.0,15.0,0.00148401751142
114.0,16.0,0.000684930753426
114.0,17.0,0.000684931004568
114.0,18.0,0.0010273970091359999
114.0,19.0,0.000342465251142
114.0,20.0,0.000684930753426
114.0,21.0,0.000228310251142
114.0,22.0,0.000114155251142
117.0,0.0,0.000342465502284
117.0,1.0,0.001598171757994
117.0,2.0,0.002283103013704
117.0,3.0,0.002739723013704
117.0,4.0,0.002739723264846
117.0,5.0,0.002511413013704
117.0,6.0,0.00410958376713
117.0,7.0,0.004452050776266
117.0,8.0,0.003424655525124
117.0,9.0,0.002853878013704
117.0,10.0,0.00502282502284
117.0,11.0,0.003310497260278
117.0,12.0,0.002968034520556
117.0,13.0,0.002739724018272
117.0,14.0,0.001712326506852
117.0,15.0,0.00171232751142
117.0,16.0,0.001484017260278
117.0,17.0,0.001369861506852
117.0,18.0,0.001712327009136
117.0,19.0,0.001255706506852
117.0,20.0,0.001712325251142
117.0,21.0,0.0007990852511419999
117.0,22.0,0.000570775502284
120.0,0.0,0.000114155251142
120.0,1.0,0.001255706506852
120.0,2.0,0.003310497762562
120.0,3.0,0.002739722762562
120.0,4.0,0.003424654520556
120.0,5.0,0.0021689470091359997
120.0,6.0,0.003310498515988
120.0,7.0,0.00331049876713
120.0,8.0,0.0042237402739819995
120.0,9.0,0.0042237407762659995
120.0,10.0,0.003767119520556
120.0,11.0,0.005022823013704
120.0,12.0,0.0030821892694139997
120.0,13.0,0.001940637260278
120.0,14.0,0.003310499771698
120.0,15.0,0.00102739625571
120.0,16.0,0.00136986251142
120.0,17.0,0.001369862009136
120.0,18.0,0.001712326506852
120.0,19.0,0.002283102260278
120.0,20.0,0.0018264805022839999
120.0,21.0,0.0009132405022839999
120.0,22.0,0.000456620502284
120.0,23.0,0.000228310251142
120.0,24.0,0.000114155
123.0,0.0,0.000342465502284
123.0,1.0,0.001484016506852
123.0,2.0,0.002511411757994
123.0,3.0,0.002739723515988
123.0,4.0,0.003424653013704
123.0,5.0,0.003652964520556
123.0,6.0,0.00331049876713
123.0,7.0,0.004223739018272
123.0,8.0,0.00422374002284
123.0,9.0,0.005136980776266
123.0,10.0,0.002853878515988
123.0,11.0,0.00502282376713
123.0,12.0,0.003310499018272
123.0,13.0,0.00388127502284
123.0,14.0,0.003424653515988
123.0,15.0,0.00148401751142
123.0,16.0,0.0018264815068519998
123.0,17.0,0.001255706757994
123.0,18.0,0.00148401625571
123.0,19.0,0.0026255670091359998
123.0,20.0,0.0022831007534259997
123.0,21.0,0.0006849299999999999
123.0,22.0,0.00091324
123.0,23.0,0.00045662025114199997
123.0,24.0,0.000228310502284
126.0,0.0,0.000456620753426
126.0,1.0,0.001141551506852
126.0,2.0,0.002283102762562
126.0,3.0,0.003881275273982
126.0,4.0,0.002397257762562
126.0,5.0,0.00353880751142
126.0,6.0,0.0030821892694139997
126.0,7.0,0.003995429018272
126.0,8.0,0.00410958502284
126.0,9.0,0.003310498013704
126.0,10.0,0.005936067283118
126.0,11.0,0.003538808264846
126.0,12.0,0.002511412762562
126.0,13.0,0.003196344520556
126.0,14.0,0.004452051027408
126.0,15.0,0.002168948013704
126.0,16.0,0.0035388095205559997
126.0,17.0,0.0030821885159879998
126.0,18.0,0.00194063751142
126.0,19.0,0.001712326506852
126.0,20.0,0.00194063625571
126.0,21.0,0.001712325
126.0,22.0,0.0011415502511419998
126.0,23.0,0.00022831
126.0,24.0,0.00022831
126.0,25.0,0.000114155
126.0,26.0,0.000114155
129.0,0.0,0.000114155251142
129.0,1.0,0.001141552009136
129.0,2.0,0.002283102260278
129.0,3.0,0.00296803376713
129.0,4.0,0.00388127376713
129.0,5.0,0.004566205525124
129.0,6.0,0.003995430273982
129.0,7.0,0.002511412762562
129.0,8.0,0.00410958502284
129.0,9.0,0.003652964269414
129.0,10.0,0.004109584018272
129.0,11.0,0.004908671027408
129.0,12.0,0.003652964520556
129.0,13.0,0.002397256757994
129.0,14.0,0.002283102762562
129.0,15.0,0.003767121780834
129.0,16.0,0.0043378945205559995
129.0,17.0,0.0030821882648459998
129.0,18.0,0.001141552260278
129.0,19.0,0.00125570625571
129.0,20.0,0.001598171757994
129.0,21.0,0.0015981705022839999
129.0,22.0,0.0007990849999999999
129.0,23.0,0.000342465251142
129.0,24.0,0.000456620502284
129.0,25.0,0.00034246499999999997
129.0,26.0,0.000114155
132.0,0.0,0.000228310251142
132.0,1.0,0.001598172762562
132.0,2.0,0.002397259018272
132.0,3.0,0.003196344269414
132.0,4.0,0.0027397215068519997
132.0,5.0,0.0036529632648459997
132.0,6.0,0.0035388090182719998
132.0,7.0,0.00468036002284
132.0,8.0,0.005479445776266
132.0,9.0,0.003652964018272
132.0,10.0,0.006050222031976
132.0,11.0,0.0036529635159879997
132.0,12.0,0.003310499269414
132.0,13.0,0.003310499018272
132.0,14.0,0.00285387751142
132.0,15.0,0.0030821887671299997
132.0,16.0,0.003767118264846
132.0,17.0,0.00251141376713
132.0,18.0,0.00205479251142
132.0,19.0,0.001712328013704
132.0,20.0,0.00102739625571
132.0,21.0,0.0007990849999999999
132.0,22.0,0.0005707752511419999
132.0,24.0,0.00022831
132.0,25.0,0.000228310251142
132.0,26.0,0.000114155
135.0,1.0,0.001255706757994
135.0,2.0,0.002968033515988
135.0,3.0,0.002968033264846
135.0,4.0,0.003424654520556
135.0,5.0,0.004452051529692
135.0,6.0,0.004109585776266
135.0,7.0,0.004908670776266
135.0,8.0,0.004452051027408
135.0,9.0,0.00536529002284
135.0,10.0,0.00662099753426
135.0,11.0,0.004566205273982
135.0,12.0,0.004794516780834
135.0,13.0,0.003995430273982
135.0,14.0,0.002283103013704
135.0,15.0,0.00376711876713
135.0,16.0,0.003881273013704
135.0,17.0,0.003310498264846
135.0,18.0,0.003310498515988
135.0,19.0,0.00159817251142
135.0,20.0,0.0021689472602779997
135.0,21.0,0.000799086506852
135.0,22.0,0.000913242009136
135.0,23.0,0.000456620753426
135.0,24.0,0.000684931004568
135.0,25.0,0.00034246499999999997
138.0,1.0,0.001369861506852
138.0,2.0,0.00273972251142
138.0,3.0,0.002853878264846
138.0,4.0,0.00376711876713
138.0,5.0,0.0035388095205559997
138.0,6.0,0.004109585525124
138.0,7.0,0.0035388090182719998
138.0,8.0,0.003652964018272
138.0,9.0,0.005593601529692
138.0,10.0,0.003767118264846
138.0,11.0,0.003881274269414
138.0,12.0,0.0046803610274079996
138.0,13.0,0.003424654520556
138.0,14.0,0.002968034018272
138.0,15.0,0.00547944502284
138.0,16.0,0.004908670273982
138.0,17.0,0.0043378955251239994
138.0,18.0,0.00342465502284
138.0,19.0,0.002625569269414
138.0,20.0,0.001598172009136
138.0,21.0,0.0017123285159879999
138.0,22.0,0.001598173013704
138.0,23.0,0.000456621004568
138.0,24.0,0.000570775753426
138.0,25.0,0.000684930502284
138.0,26.0,0.000228310251142
138.0,27.0,0.000114155251142
138.0,28.0,0.000114155251142
141.0,0.0,0.000228310502284
141.0,1.0,0.000913241004568
141.0,2.0,0.002968032009136
141.0,3.0,0.00331049876713
141.0,4.0,0.003424654018272
141.0,5.0,0.003196343515988
141.0,6.0,0.005479447031976
141.0,7.0,0.0042237412785499995
141.0,8.0,0.004566204520556
141.0,9.0,0.003424653515988
141.0,10.0,0.004566204520556
141.0,11.0,0.005022827283118
141.0,12.0,0.005821910525123999
141.0,13.0,0.003767118264846
141.0,14.0,0.003424653515988
141.0,15.0,0.004566205525124
141.0,16.0,0.00582191253426
141.0,17.0,0.003881274520556
141.0,18.0,0.003310498515988
141.0,19.0,0.003767120273982
141.0,20.0,0.002853879520556
141.0,21.0,0.001598172260278
141.0,22.0,0.001369861757994
141.0,23.0,0.001255706757994
141.0,24.0,0.00171232625571
141.0,25.0,0.00194063625571
141.0,26.0,0.0006849299999999999
141.0,27.0,0.000342465251142
141.0,28.0,0.000228310502284
141.0,29.0,0.00045662
144.0,0.0,0.000114155251142
144.0,1.0,0.00114155125571
144.0,2.0,0.002853878013704
144.0,3.0,0.0021689475114199997
144.0,4.0,0.0030821890182719997
144.0,5.0,0.0035388095205559997
144.0,6.0,0.003995429520556
144.0,7.0,0.00422374002284
144.0,8.0,0.0042237402739819995
144.0,9.0,0.003995430273982
144.0,10.0,0.004680361780834
144.0,11.0,0.005593603287686
144.0,12.0,0.0036529637671299997
144.0,13.0,0.005365289771697999
144.0,14.0,0.00445205127855
144.0,15.0,0.004109586027408
144.0,16.0,0.004109584771698
144.0,17.0,0.003995430273982
144.0,18.0,0.005022825525124
144.0,19.0,0.004908671027408
144.0,20.0,0.003881274771698
144.0,21.0,0.003310499018272
144.0,22.0,0.0030821887671299997
144.0,23.0,0.002397258264846
144.0,24.0,0.002054792009136
144.0,25.0,0.0015981707534259999
144.0,26.0,0.0013698607534259998
144.0,27.0,0.0007990857534259999
144.0,28.0,0.001027396506852
144.0,29.0,0.000342465753426
144.0,30.0,0.000456620502284
144.0,31.0,0.000228310502284
147.0,1.0,0.001141552009136
147.0,2.0,0.00285387876713
147.0,3.0,0.001484016506852
147.0,4.0,0.00456620502284
147.0,5.0,0.003767119771698
147.0,6.0,0.004109585776266
147.0,7.0,0.00456620502284
147.0,8.0,0.004908670273982
147.0,9.0,0.00582191378997
147.0,10.0,0.005821911529691999
147.0,11.0,0.00468036002284
147.0,12.0,0.004337894771698
147.0,13.0,0.003995427762562
147.0,14.0,0.003881275776266
147.0,15.0,0.00559360127855
147.0,16.0,0.005479449543396
147.0,17.0,0.005936069292254
147.0,18.0,0.0055936035388279995
147.0,19.0,0.006050223036544
147.0,20.0,0.00616438004568
147.0,21.0,0.003881275525124
147.0,22.0,0.0030821877625619998
147.0,23.0,0.001826482009136
147.0,24.0,0.002625569018272
147.0,25.0,0.001255705753426
147.0,26.0,0.001712326004568
147.0,27.0,0.000799086004568
147.0,28.0,0.000684930753426
147.0,29.0,0.000342465753426
147.0,30.0,0.000114155
147.0,31.0,0.000228310502284
147.0,33.0,0.000114155251142
150.0,1.0,0.000913241506852
150.0,2.0,0.002968032762562
150.0,3.0,0.003881274269414
150.0,4.0,0.003196343515988
150.0,5.0,0.0042237407762659995
150.0,6.0,0.004680360525124
150.0,7.0,0.005936066780834
150.0,8.0,0.0036529632648459997
150.0,9.0,0.004337894771698
150.0,10.0,0.0051369817808339996
150.0,11.0,0.0057077567808339995
150.0,12.0,0.005936068287686
150.0,13.0,0.005365288515988
150.0,14.0,0.005136980776266
150.0,15.0,0.005022826529692
150.0,16.0,0.005022826027408
150.0,17.0,0.006392689041112
150.0,18.0,0.0069634657991059995
150.0,19.0,0.005365292031976
150.0,20.0,0.007191777808242
150.0,21.0,0.005479449543396
150.0,22.0,0.00445205002284
150.0,23.0,0.00308218751142
150.0,24.0,0.002511412009136
150.0,25.0,0.0007990852511419999
150.0,26.0,0.00171232625571
150.0,27.0,0.0018264807534259999
150.0,28.0,0.0006849302511419999
150.0,29.0,0.000342465502284
150.0,30.0,0.0006849302511419999
150.0,32.0,0.000114155251142
150.0,33.0,0.000114155251142
153.0,0.0,0.000342465251142
153.0,1.0,0.000913241506852
153.0,2.0,0.002054792009136
153.0,3.0,0.003424654771698
153.0,4.0,0.0030821882648459998
153.0,5.0,0.00490867127855
153.0,6.0,0.003881276780834
153.0,7.0,0.004566205525124
153.0,8.0,0.00399543002284
153.0,9.0,0.0047945147716979995
153.0,10.0,0.006278532283117999
153.0,11.0,0.00479451502284
153.0,12.0,0.007762548036544
153.0,13.0,0.007077619292254
153.0,14.0,0.007305928287686
153.0,15.0,0.006506843036544
153.0,16.0,0.006735153287686
153.0,17.0,0.0066209977854019995
153.0,18.0,0.007305927283118
153.0,19.0,0.006278532031976
153.0,20.0,0.006620998036544
153.0,21.0,0.0061643785388279995
153.0,22.0,0.00536529127855
153.0,23.0,0.001940637009136
153.0,24.0,0.001712327009136
153.0,25.0,0.00171232625571
153.0,26.0,0.0011415502511419998
153.0,27.0,0.0007990852511419999
153.0,28.0,0.001255705251142
153.0,29.0,0.0006849302511419999
153.0,30.0,0.00102739625571
153.0,31.0,0.0007990849999999999
156.0,0.0,0.00022831
156.0,1.0,0.00136986125571
156.0,2.0,0.00194063751142
156.0,3.0,0.0030821890182719997
156.0,4.0,0.003881275273982
156.0,5.0,0.002968033515988
156.0,6.0,0.005593603287686
156.0,7.0,0.005479446780834
156.0,8.0,0.005707756529692
156.0,9.0,0.006278532785402
156.0,10.0,0.00799086130139
156.0,11.0,0.00559360127855
156.0,12.0,0.0067351515296919994
156.0,13.0,0.0071917727854019994
156.0,14.0,0.007876704543396
156.0,15.0,0.008561638561668
156.0,16.0,0.0061643770319759995
156.0,17.0,0.008675788538828
156.0,18.0,0.008904098036544
156.0,19.0,0.006963461529692
156.0,20.0,0.006849306529692
156.0,21.0,0.00479451502284
156.0,22.0,0.003995430273982
156.0,23.0,0.003310499018272
156.0,24.0,0.0026255685159879997
156.0,25.0,0.001369861004568
156.0,26.0,0.000684931506852
156.0,27.0,0.000342465753426
156.0,28.0,0.000799086004568
156.0,29.0,0.000570775502284
156.0,30.0,0.00114155125571
156.0,31.0,0.00034246499999999997
156.0,32.0,0.000114155
159.0,0.0,0.000228310251142
159.0,1.0,0.00148401625571
159.0,2.0,0.002054791506852
159.0,3.0,0.002397257762562
159.0,4.0,0.004109585273982
159.0,5.0,0.005593602031976
159.0,6.0,0.0035388105251239997
159.0,7.0,0.006963462785402
159.0,8.0,0.006506842031976
159.0,9.0,0.0061643780365439995
159.0,10.0,0.007534239041112
159.0,11.0,0.009474877305958
159.0,12.0,0.007648392785402
159.0,13.0,0.009360720547964
159.0,14.0,0.00878994630139
159.0,15.0,0.009360721552532
159.0,16.0,0.008561636050248
159.0,17.0,0.009132412305958
159.0,18.0,0.007420083538828
159.0,19.0,0.008219168287685999
159.0,20.0,0.0067351515296919994
159.0,21.0,0.004566204771698
159.0,22.0,0.004452050273982
159.0,23.0,0.00182648251142
159.0,24.0,0.00228310251142
159.0,25.0,0.000570775502284
159.0,26.0,0.000228310251142
159.0,27.0,0.000456620753426
159.0,28.0,0.000570776004568
159.0,29.0,0.000456621004568
159.0,30.0,0.00034246499999999997
159.0,31.0,0.00034246499999999997
162.0,0.0,0.000114155251142
162.0,1.0,0.001255706004568
162.0,2.0,0.0026255685159879997
162.0,3.0,0.0052511365296919995
162.0,4.0,0.0061643775342599995
162.0,5.0,0.004680362283118
162.0,6.0,0.005251137283118
162.0,7.0,0.005593602785402
162.0,8.0,0.006392689292254
162.0,9.0,0.006735153287686
162.0,10.0,0.008675791050247999
162.0,11.0,0.007305929543396
162.0,12.0,0.008904099292254
162.0,13.0,0.009589029292254
162.0,14.0,0.009474874292254
162.0,15.0,0.009817342305958
162.0,16.0,0.00742008378997
162.0,17.0,0.00936072004568
162.0,18.0,0.00993149504568
162.0,19.0,0.00662099753426
162.0,20.0,0.004566204520556
162.0,21.0,0.003767119018272
162.0,22.0,0.002968034018272
162.0,23.0,0.002853878013704
162.0,24.0,0.0009132407534259999
162.0,25.0,0.001598171757994
162.0,26.0,0.00045662025114199997
162.0,27.0,0.000342465502284
162.0,28.0,0.000228310502284
162.0,29.0,0.000799086506852
162.0,30.0,0.00045662
165.0,0.0,0.000342465502284
165.0,1.0,0.00114155125571
165.0,2.0,0.0030821885159879998
165.0,3.0,0.00331049876713
165.0,4.0,0.004223741027408
165.0,5.0,0.0052511365296919995
165.0,6.0,0.005821911780834
165.0,7.0,0.00445205127855
165.0,8.0,0.006735153287686
165.0,9.0,0.009246567054816
165.0,10.0,0.008219169041112
165.0,11.0,0.008789944041112
165.0,12.0,0.01073058130139
165.0,13.0,0.0101598075571
165.0,14.0,0.011986286552532
165.0,15.0,0.010958893310526
165.0,16.0,0.009018255799106
165.0,17.0,0.009703186050248
165.0,18.0,0.00901825881281
165.0,19.0,0.005479446529692
165.0,20.0,0.003310499269414
165.0,21.0,0.0030821882648459998
165.0,22.0,0.0015981712557099998
165.0,23.0,0.001598172009136
165.0,24.0,0.000114155251142
165.0,25.0,0.00114155125571
165.0,26.0,0.000342465251142
165.0,27.0,0.00102739625571
165.0,28.0,0.000342465753426
165.0,29.0,0.000228310251142
168.0,0.0,0.000228310251142
168.0,1.0,0.001141551757994
168.0,2.0,0.002853878515988
168.0,3.0,0.0030821887671299997
168.0,4.0,0.0035388100228399997
168.0,5.0,0.005936067785402
168.0,6.0,0.006849307031976
168.0,7.0,0.006392688036544
168.0,8.0,0.006963463538828
168.0,9.0,0.009703185799106
168.0,10.0,0.010045652054816
168.0,11.0,0.008904103310525999
168.0,12.0,0.010045652808242
168.0,13.0,0.009132411803673999
168.0,14.0,0.012671220821946
168.0,15.0,0.009817339794538
168.0,16.0,0.011529669817378
168.0,17.0,0.007876702785402
168.0,18.0,0.0065068445433959995
168.0,19.0,0.005251135776266
168.0,20.0,0.0055936030365439995
168.0,21.0,0.00228310251142
168.0,22.0,0.00148401625571
168.0,23.0,0.0007990857534259999
168.0,24.0,0.00034246499999999997
168.0,25.0,0.0006849302511419999
168.0,27.0,0.000228310502284
168.0,28.0,0.000456621004568
168.0,29.0,0.000114155251142
171.0,0.0,0.00045662025114199997
171.0,1.0,0.001598171757994
171.0,2.0,0.002853879269414
171.0,3.0,0.003196344771698
171.0,4.0,0.00456620502284
171.0,5.0,0.005707758036544
171.0,6.0,0.005022826529692
171.0,7.0,0.0070776185388279995
171.0,8.0,0.006963464041112
171.0,9.0,0.007762549543396
171.0,10.0,0.008219171552532
171.0,11.0,0.009817342808241999
171.0,12.0,0.01301368381281
171.0,13.0,0.011529670821946
171.0,14.0,0.011986291826514
171.0,15.0,0.013356154086792
171.0,16.0,0.0106164275571
171.0,17.0,0.005936066529692
171.0,18.0,0.004680360776266
171.0,19.0,0.005936065525124
171.0,20.0,0.0031963430137039997
171.0,21.0,0.00273972376713
171.0,22.0,0.00194063751142
171.0,23.0,0.001255707009136
171.0,24.0,0.000342465502284
171.0,25.0,0.00045662025114199997
171.0,26.0,0.000456620753426
171.0,27.0,0.000456620502284
171.0,28.0,0.000228310251142
171.0,29.0,0.000228310502284
174.0,1.0,0.001712327009136
174.0,2.0,0.002397257260278
174.0,3.0,0.003881275273982
174.0,4.0,0.004337895273982
174.0,5.0,0.006392689794538
174.0,6.0,0.00787670504568
174.0,7.0,0.007648396552532
174.0,8.0,0.00650684378997
174.0,9.0,0.010502275570804
174.0,10.0,0.009703186552532
174.0,11.0,0.010958894315094
174.0,12.0,0.01130136006852
174.0,13.0,0.011073049063952
174.0,14.0,0.011187203561668
174.0,15.0,0.008789948059384
174.0,16.0,0.00696346378997
174.0,17.0,0.0062785307762659994
174.0,18.0,0.005022824771698
174.0,19.0,0.0043378935159879995
174.0,20.0,0.002054792762562
174.0,21.0,0.001940636757994
174.0,22.0,0.002283103013704
174.0,23.0,0.001141551757994
174.0,24.0,0.000570775502284
174.0,25.0,0.000342465251142
174.0,26.0,0.000114155
174.0,27.0,0.000114155251142
177.0,0.0,0.000114155
177.0,1.0,0.001141551757994
177.0,2.0,0.0026255680137039997
177.0,3.0,0.00342465502284
177.0,4.0,0.005022825525124
177.0,5.0,0.006050222785402
177.0,6.0,0.00696346504568
177.0,7.0,0.006849309292254
177.0,8.0,0.0070776205479639994
177.0,9.0,0.007534241050248
177.0,10.0,0.009132410799105999
177.0,11.0,0.009931499063952
177.0,12.0,0.013241995821946
177.0,13.0,0.009703187054816
177.0,14.0,0.008789944794538
177.0,15.0,0.007420083287686
177.0,16.0,0.0075342392922539995
177.0,17.0,0.007648392785402
177.0,18.0,0.0052511365296919995
177.0,19.0,0.004337895273982
177.0,20.0,0.0042237412785499995
177.0,21.0,0.0018264817579939998
177.0,22.0,0.0021689467579939998
177.0,23.0,0.00091324125571
177.0,24.0,0.0005707752511419999
177.0,25.0,0.00045662
177.0,26.0,0.000114155251142
180.0,1.0,0.001141551757994
180.0,2.0,0.0026255682648459997
180.0,3.0,0.0042237402739819995
180.0,4.0,0.004452051529692
180.0,5.0,0.0047945162785499994
180.0,6.0,0.006392689041112
180.0,7.0,0.007077620296822
180.0,8.0,0.008789946050248
180.0,9.0,0.008447481803674
180.0,10.0,0.009018257305958
180.0,11.0,0.008561637305957999
180.0,12.0,0.009817341803674
180.0,13.0,0.0075342407991059995
180.0,14.0,0.007420083538828
180.0,15.0,0.007420083287686
180.0,16.0,0.007191773287685999
180.0,17.0,0.005593601780834
180.0,18.0,0.004566205525124
180.0,19.0,0.004794516529692
180.0,20.0,0.003767119269414
180.0,21.0,0.001940636757994
180.0,22.0,0.001141551004568
180.0,23.0,0.0011415505022839998
180.0,24.0,0.0005707752511419999
180.0,25.0,0.000228310502284
180.0,27.0,0.000114155251142
180.0,28.0,0.000114155
183.0,0.0,0.000114155251142
183.0,1.0,0.001940637009136
183.0,2.0,0.0030821895205559997
183.0,3.0,0.003652964018272
183.0,4.0,0.006392689292254
183.0,5.0,0.005251135776266
183.0,6.0,0.00856163881281
183.0,7.0,0.007077619292254
183.0,8.0,0.00924656630139
183.0,9.0,0.009246567808242
183.0,10.0,0.009246566803674
183.0,11.0,0.009018255296822
183.0,12.0,0.009246564292254
183.0,13.0,0.0076483920319759995
183.0,14.0,0.006620998538828
183.0,15.0,0.007762549794538
183.0,16.0,0.006735154794538
183.0,17.0,0.0065068445433959995
183.0,18.0,0.004566205273982
183.0,19.0,0.0026255675114199998
183.0,20.0,0.00285387751142
183.0,21.0,0.002397256757994
183.0,22.0,0.00136986125571
183.0,23.0,0.000684930502284
183.0,24.0,0.000684930502284
183.0,25.0,0.00022831
183.0,26.0,0.000228310251142
183.0,27.0,0.000114155
183.0,28.0,0.000114155
186.0,0.0,0.0005707752511419999
186.0,1.0,0.00114155125571
186.0,2.0,0.002511413515988
186.0,3.0,0.0036529637671299997
186.0,4.0,0.0046803615296919995
186.0,5.0,0.007534241803673999
186.0,6.0,0.0065068440411119996
186.0,7.0,0.007420083036544
186.0,8.0,0.008447480296822
186.0,9.0,0.009360720799106
186.0,10.0,0.010159806552532
186.0,11.0,0.007534236027408
186.0,12.0,0.007876702785402
186.0,13.0,0.006735153036543999
186.0,14.0,0.0074200860502479996
186.0,15.0,0.007191774794537999
186.0,16.0,0.0066209992922539995
186.0,17.0,0.003767120525124
186.0,18.0,0.003767117762562
186.0,19.0,0.0036529635159879997
186.0,20.0,0.002511412009136
186.0,21.0,0.001826482009136
186.0,22.0,0.0009132402511419999
186.0,23.0,0.001369861004568
186.0,24.0,0.0005707752511419999
186.0,26.0,0.000114155
186.0,27.0,0.00022831
189.0,0.0,0.000114155251142
189.0,1.0,0.001598172260278
189.0,2.0,0.00262556876713
189.0,3.0,0.004337896027408
189.0,4.0,0.005593602785402
189.0,5.0,0.00696346378997
189.0,6.0,0.00605022253426
189.0,7.0,0.006849308538828
189.0,8.0,0.00821917004568
189.0,9.0,0.009931497808242
189.0,10.0,0.007762548538828
189.0,11.0,0.006963462785402
189.0,12.0,0.00639268627855
189.0,13.0,0.0057077567808339995
189.0,14.0,0.007990859292254
189.0,15.0,0.0057077572831179995
189.0,16.0,0.005936068036544
189.0,17.0,0.00479451502284
189.0,18.0,0.0030821885159879998
189.0,19.0,0.002739723264846
189.0,20.0,0.001484016757994
189.0,21.0,0.000456620502284
189.0,22.0,0.000684930753426
189.0,23.0,0.000570775502284
189.0,24.0,0.0006849302511419999
189.0,25.0,0.000114155
189.0,26.0,0.000114155
189.0,27.0,0.00022831
192.0,1.0,0.001255705753426
192.0,2.0,0.00285387876713
192.0,3.0,0.00388127502284
192.0,4.0,0.00593606753426
192.0,5.0,0.006278531529692
192.0,6.0,0.007648395296822
192.0,7.0,0.008105016050248
192.0,8.0,0.007762548036544
192.0,9.0,0.009360719794538
192.0,10.0,0.007876704041112
192.0,11.0,0.009246565799106
192.0,12.0,0.00764839378997
192.0,13.0,0.007762551050248
192.0,14.0,0.007191774794537999
192.0,15.0,0.00605022253426
192.0,16.0,0.005593602031976
192.0,17.0,0.004109584520556
192.0,18.0,0.002283101757994
192.0,19.0,0.0021689477625619997
192.0,20.0,0.001369861004568
192.0,21.0,0.00034246499999999997
192.0,22.0,0.00045662
192.0,23.0,0.000342465502284
192.0,24.0,0.000228310251142
192.0,25.0,0.000342465502284
195.0,0.0,0.000342465753426
195.0,1.0,0.00148401625571
195.0,2.0,0.002739723264846
195.0,3.0,0.00422374002284
195.0,4.0,0.005593601780834
195.0,5.0,0.005365292785402
195.0,6.0,0.00821917004568
195.0,7.0,0.00639268753426
195.0,8.0,0.007648394543395999
195.0,9.0,0.007077617785402
195.0,10.0,0.006050221027408
195.0,11.0,0.006506844292254
195.0,12.0,0.006849307283118
195.0,13.0,0.006849309543396
195.0,14.0,0.006050222031976
195.0,15.0,0.004908671529692
195.0,16.0,0.004566205776266
195.0,17.0,0.00285387751142
195.0,18.0,0.00205479251142
195.0,19.0,0.0021689475114199997
195.0,20.0,0.000570776004568
195.0,21.0,0.000684930753426
195.0,22.0,0.000456620502284
195.0,23.0,0.000456620753426
195.0,24.0,0.000114155251142
195.0,25.0,0.000228310502284
198.0,0.0,0.000456620502284
198.0,1.0,0.001940637762562
198.0,2.0,0.002853878013704
198.0,3.0,0.005479446529692
198.0,4.0,0.004908671027408
198.0,5.0,0.00684930753426
198.0,6.0,0.006849308036544
198.0,7.0,0.007420084794538
198.0,8.0,0.009703186552532
198.0,9.0,0.007191773789969999
198.0,10.0,0.008675790296822
198.0,11.0,0.007762549292254
198.0,12.0,0.006849308538828
198.0,13.0,0.00582191127855
198.0,14.0,0.00536529002284
198.0,15.0,0.003881275525124
198.0,16.0,0.003995430776266
198.0,17.0,0.002968033515988
198.0,18.0,0.001940636757994
198.0,19.0,0.001484016506852
198.0,20.0,0.000456620502284
198.0,21.0,0.000228310251142
198.0,22.0,0.000228310251142
198.0,23.0,0.000114155251142
201.0,0.0,0.000228310251142
201.0,1.0,0.001141551757994
201.0,2.0,0.002968033264846
201.0,3.0,0.003767119520556
201.0,4.0,0.005707758036544
201.0,5.0,0.005593603287686
201.0,6.0,0.0051369827854019995
201.0,7.0,0.0061643785388279995
201.0,8.0,0.006278534794538
201.0,9.0,0.0076483935388279994
201.0,10.0,0.005821912031976
201.0,11.0,0.006506841027408
201.0,12.0,0.0066209972831179995
201.0,13.0,0.004908670525124
201.0,14.0,0.004794514520556
201.0,15.0,0.00388127376713
201.0,16.0,0.0030821890182719997
201.0,17.0,0.002054792260278
201.0,18.0,0.002168948013704
201.0,19.0,0.00091324
201.0,20.0,0.000684930753426
201.0,21.0,0.0007990855022839999
201.0,22.0,0.000228310502284
201.0,23.0,0.00022831
201.0,24.0,0.000114155
201.0,30.0,0.000114155251142
204.0,0.0,0.000114155251142
204.0,1.0,0.001141551004568
204.0,2.0,0.001712327762562
204.0,3.0,0.003310499520556
204.0,4.0,0.006050223036544
204.0,5.0,0.00684931004568
204.0,6.0,0.00650684378997
204.0,7.0,0.008219168538828
204.0,8.0,0.009703185296821999
204.0,9.0,0.007305929794538
204.0,10.0,0.005936067785402
204.0,11.0,0.00433789376713
204.0,12.0,0.005479446027408
204.0,13.0,0.005707756027408
204.0,14.0,0.005479446529692
204.0,15.0,0.00228310251142
204.0,16.0,0.001940637260278
204.0,17.0,0.001940637260278
204.0,18.0,0.001255705753426
204.0,19.0,0.001027396004568
204.0,20.0,0.0009132407534259999
204.0,21.0,0.000913241004568
204.0,22.0,0.000228310502284
204.0,23.0,0.000228310251142
204.0,24.0,0.000114155
204.0,26.0,0.000114155251142
207.0,0.0,0.000114155251142
207.0,1.0,0.002054791757994
207.0,2.0,0.0021689477625619997
207.0,3.0,0.003995429771698
207.0,4.0,0.0047945162785499994
207.0,5.0,0.006050223538828
207.0,6.0,0.006050223036544
207.0,7.0,0.007762549543396
207.0,8.0,0.0075342382876859995
207.0,9.0,0.006506842283118
207.0,10.0,0.0070776175342599995
207.0,11.0,0.008105013036544
207.0,12.0,0.0057077562785499995
207.0,13.0,0.003995429269414
207.0,14.0,0.00445204876713
207.0,15.0,0.002283101757994
207.0,16.0,0.00194063625571
207.0,17.0,0.002853877260278
207.0,18.0,0.002054791506852
207.0,19.0,0.001255707009136
207.0,20.0,0.0007990855022839999
207.0,21.0,0.000456620753426
207.0,22.0,0.000342465251142
207.0,23.0,0.000114155
207.0,24.0,0.000114155
207.0,25.0,0.000114155
207.0,27.0,0.000114155251142
210.0,0.0,0.000114155251142
210.0,1.0,0.001255706506852
210.0,2.0,0.002283103264846
210.0,3.0,0.002968033264846
210.0,4.0,0.00559360127855
210.0,5.0,0.00525113753426
210.0,6.0,0.0047945152739819995
210.0,7.0,0.00696346504568
210.0,8.0,0.008333325799106
210.0,9.0,0.005365291529692
210.0,10.0,0.00627853253426
210.0,11.0,0.006050222283118
210.0,12.0,0.0055936025342599996
210.0,13.0,0.003881274018272
210.0,14.0,0.003881273013704
210.0,15.0,0.003424653515988
210.0,16.0,0.002625569018272
210.0,17.0,0.002511412260278
210.0,18.0,0.002511412009136
210.0,19.0,0.002054792009136
210.0,20.0,0.001369861757994
210.0,21.0,0.000684930753426
210.0,22.0,0.00022831
210.0,23.0,0.000114155251142
210.0,25.0,0.000114155251142
210.0,27.0,0.00022831
210.0,28.0,0.000114155251142
210.0,29.0,0.000114155251142
213.0,0.0,0.000114155251142
213.0,1.0,0.001484016757994
213.0,2.0,0.00296803251142
213.0,3.0,0.003310499269414
213.0,4.0,0.003995431780834
213.0,5.0,0.003881276780834
213.0,6.0,0.00502282502284
213.0,7.0,0.005251135776266
213.0,8.0,0.006735152283118
213.0,9.0,0.005365292785402
213.0,10.0,0.006849308036544
213.0,11.0,0.00468036127855
213.0,12.0,0.004908671027408
213.0,13.0,0.0047945147716979995
213.0,14.0,0.003652964269414
213.0,15.0,0.002054791506852
213.0,16.0,0.002054792009136
213.0,17.0,0.001712326506852
213.0,18.0,0.001369861757994
213.0,19.0,0.001940636757994
213.0,20.0,0.001255707009136
213.0,21.0,0.000570775753426
213.0,22.0,0.00045662025114199997
213.0,23.0,0.000114155251142
213.0,24.0,0.000342465502284
213.0,26.0,0.00022831
213.0,27.0,0.000114155
213.0,32.0,0.000114155251142
216.0,0.0,0.0005707752511419999
216.0,1.0,0.002511412260278
216.0,2.0,0.002397257762562
216.0,3.0,0.003652964018272
216.0,4.0,0.004109585776266
216.0,5.0,0.00388127502284
216.0,6.0,0.00388127502284
216.0,7.0,0.0076483925342599995
216.0,8.0,0.006849308538828
216.0,9.0,0.00639268878997
216.0,10.0,0.007305927283118
216.0,11.0,0.00639268753426
216.0,12.0,0.004680359520556
216.0,13.0,0.0043378945205559995
216.0,14.0,0.002968032762562
216.0,15.0,0.002054793264846
216.0,16.0,0.0030821887671299997
216.0,17.0,0.003082187260278
216.0,18.0,0.000684930753426
216.0,19.0,0.001484016506852
216.0,20.0,0.00045662025114199997
216.0,21.0,0.001027395251142
216.0,22.0,0.000228310502284
216.0,23.0,0.00045662025114199997
216.0,24.0,0.000342465251142
216.0,27.0,0.000114155251142
219.0,0.0,0.000114155
219.0,1.0,0.002168948013704
219.0,2.0,0.002397258264846
219.0,3.0,0.002739723264846
219.0,4.0,0.003767120273982
219.0,5.0,0.00547944753426
219.0,6.0,0.004680360525124
219.0,7.0,0.005936067785402
219.0,8.0,0.00707761878997
219.0,9.0,0.007762551050248
219.0,10.0,0.004794516027408
219.0,11.0,0.005251136780834
219.0,12.0,0.005022825273982
219.0,13.0,0.0031963427625619997
219.0,14.0,0.002283103264846
219.0,15.0,0.0026255680137039997
219.0,16.0,0.000570775502284
219.0,17.0,0.002168948264846
219.0,18.0,0.00114155125571
219.0,19.0,0.001712325753426
219.0,20.0,0.001027395
219.0,21.0,0.00045662025114199997
219.0,22.0,0.000456620502284
219.0,23.0,0.0006849302511419999
219.0,24.0,0.000684930753426
219.0,25.0,0.000228310251142
219.0,26.0,0.000114155251142
219.0,27.0,0.000228310502284
222.0,0.0,0.000228310251142
222.0,1.0,0.00136986125571
222.0,2.0,0.003881274520556
222.0,3.0,0.0042237397716979996
222.0,4.0,0.003881275273982
222.0,5.0,0.004452050776266
222.0,6.0,0.0046803620319759995
222.0,7.0,0.006506842283118
222.0,8.0,0.00479451502284
222.0,9.0,0.005479448036544
222.0,10.0,0.006050221780834
222.0,11.0,0.004337897031976
222.0,12.0,0.004566205776266
222.0,13.0,0.003767120525124
222.0,14.0,0.00273972251142
222.0,15.0,0.002283102009136
222.0,16.0,0.001484016757994
222.0,17.0,0.001027395502284
222.0,18.0,0.002511413515988
222.0,19.0,0.001484016506852
222.0,20.0,0.0013698607534259998
222.0,21.0,0.0009132407534259999
222.0,22.0,0.000456620753426
222.0,23.0,0.000228310251142
222.0,24.0,0.000342465502284
222.0,25.0,0.000228310251142
222.0,26.0,0.000114155
222.0,27.0,0.000114155251142
222.0,28.0,0.000114155
225.0,0.0,0.000114155
225.0,1.0,0.001255705753426
225.0,2.0,0.00319634376713
225.0,3.0,0.004109585273982
225.0,4.0,0.006735153538827999
225.0,5.0,0.005593601780834
225.0,6.0,0.006278533036544
225.0,7.0,0.006050222283118
225.0,8.0,0.005707757031976
225.0,9.0,0.005821912785402
225.0,10.0,0.00547944753426
225.0,11.0,0.004109585273982
225.0,12.0,0.00456620376713
225.0,13.0,0.003767119018272
225.0,14.0,0.003767119018272
225.0,15.0,0.002853879269414
225.0,16.0,0.00194063751142
225.0,17.0,0.002511411757994
225.0,18.0,0.002054792762562
225.0,19.0,0.001712326757994
225.0,20.0,0.001027395753426
225.0,21.0,0.00057077625571
225.0,22.0,0.000114155
225.0,23.0,0.000114155
225.0,26.0,0.000114155251142
225.0,27.0,0.00022831
228.0,0.0,0.000228310251142
228.0,1.0,0.0015981715068519998
228.0,2.0,0.002283104269414
228.0,3.0,0.003995429520556
228.0,4.0,0.004680362785402
228.0,5.0,0.003424654520556
228.0,6.0,0.006050220525124
228.0,7.0,0.005821910273982
228.0,8.0,0.005251135273982
228.0,9.0,0.005136982031976
228.0,10.0,0.005479445273982
228.0,11.0,0.004680360525124
228.0,12.0,0.0043378950228399995
228.0,13.0,0.002853877762562
228.0,14.0,0.00319634376713
228.0,15.0,0.002283103264846
228.0,16.0,0.0026255672602779998
228.0,17.0,0.0018264815068519998
228.0,18.0,0.00136986125571
228.0,19.0,0.001369861757994
228.0,20.0,0.00034246499999999997
228.0,21.0,0.0005707752511419999
228.0,22.0,0.000570776004568
228.0,23.0,0.000114155
228.0,24.0,0.000114155251142
231.0,0.0,0.000114155
231.0,1.0,0.001141551004568
231.0,2.0,0.002625569269414
231.0,3.0,0.003995430273982
231.0,4.0,0.004337896529692
231.0,5.0,0.00456620753426
231.0,6.0,0.006849308036544
231.0,7.0,0.005479445776266
231.0,8.0,0.005022825273982
231.0,9.0,0.00650684378997
231.0,10.0,0.003995429771698
231.0,11.0,0.005022825273982
231.0,12.0,0.003881274269414
231.0,13.0,0.003995428264846
231.0,14.0,0.004908671027408
231.0,15.0,0.00388127502284
231.0,16.0,0.002283101757994
231.0,17.0,0.00125570625571
231.0,18.0,0.0021689477625619997
231.0,19.0,0.000684931004568
231.0,20.0,0.001027395251142
231.0,21.0,0.000342465251142
231.0,22.0,0.00045662025114199997
231.0,23.0,0.00034246499999999997
231.0,25.0,0.000114155251142
231.0,27.0,0.000114155251142
234.0,0.0,0.000456620753426
234.0,1.0,0.001712327009136
234.0,2.0,0.0030821887671299997
234.0,3.0,0.003881275525124
234.0,4.0,0.00525113878997
234.0,5.0,0.00513698127855
234.0,6.0,0.004794516027408
234.0,7.0,0.00410958502284
234.0,8.0,0.004680360525124
234.0,9.0,0.006050222031976
234.0,10.0,0.004908669269414
234.0,11.0,0.004908669771698
234.0,12.0,0.004337895776266
234.0,13.0,0.004109585273982
234.0,14.0,0.0046803610274079996
234.0,15.0,0.00399542876713
234.0,16.0,0.003538808264846
234.0,17.0,0.0026255680137039997
234.0,18.0,0.00148401625571
234.0,19.0,0.0009132405022839999
234.0,20.0,0.000684931004568
234.0,21.0,0.000228310502284
234.0,22.0,0.000228310251142
234.0,23.0,0.000114155251142
234.0,26.0,0.000114155
234.0,27.0,0.00045662
237.0,0.0,0.000114155
237.0,1.0,0.001940636757994
237.0,2.0,0.001712326757994
237.0,3.0,0.00376712002284
237.0,4.0,0.00445205002284
237.0,5.0,0.003652964771698
237.0,6.0,0.007534238538828
237.0,7.0,0.004908670273982
237.0,8.0,0.005022824520556
237.0,9.0,0.00570775753426
237.0,10.0,0.004109584520556
237.0,11.0,0.005136979520556
237.0,12.0,0.004223739520556
237.0,13.0,0.004223740525124
237.0,14.0,0.0031963427625619997
237.0,15.0,0.002397257260278
237.0,16.0,0.0030821887671299997
237.0,17.0,0.0026255680137039997
237.0,18.0,0.00136986125571
237.0,19.0,0.0013698605022839999
237.0,20.0,0.0015981707534259999
237.0,21.0,0.00045662025114199997
237.0,22.0,0.000114155251142
237.0,23.0,0.000114155
237.0,24.0,0.000114155
237.0,26.0,0.00022831
237.0,27.0,0.000114155251142
240.0,0.0,0.000456620502284
240.0,1.0,0.001141551004568
240.0,2.0,0.003196343264846
240.0,3.0,0.0030821895205559997
240.0,4.0,0.00433789627855
240.0,5.0,0.002853878264846
240.0,6.0,0.005136981027408
240.0,7.0,0.004337893264846
240.0,8.0,0.0057077552739819995
240.0,9.0,0.004908668264846
240.0,10.0,0.005936066780834
240.0,11.0,0.00570775753426
240.0,12.0,0.0047945147716979995
240.0,13.0,0.00536529127855
240.0,14.0,0.005136982031976
240.0,15.0,0.002739722260278
240.0,16.0,0.002739723515988
240.0,17.0,0.00182648251142
240.0,18.0,0.002054790753426
240.0,19.0,0.00171232625571
240.0,20.0,0.0015981710045679999
240.0,21.0,0.000456620753426
240.0,22.0,0.00045662
240.0,23.0,0.000228310251142
240.0,24.0,0.000228310251142
240.0,25.0,0.000114155
240.0,27.0,0.000228310251142
240.0,30.0,0.000114155
243.0,0.0,0.000114155
243.0,1.0,0.001484016757994
243.0,2.0,0.003424654520556
243.0,3.0,0.004109586027408
243.0,4.0,0.004223741027408
243.0,5.0,0.005936066780834
243.0,6.0,0.005593601529692
243.0,7.0,0.004452048515988
243.0,8.0,0.005479445525124
243.0,9.0,0.004908670273982
243.0,10.0,0.004908669771698
243.0,11.0,0.004680360776266
243.0,12.0,0.006050222283118
243.0,13.0,0.003310500273982
243.0,14.0,0.004566206027408
243.0,15.0,0.003995429018272
243.0,16.0,0.00285387751142
243.0,17.0,0.003652964018272
243.0,18.0,0.002511412762562
243.0,19.0,0.001484016757994
243.0,20.0,0.001141550753426
243.0,21.0,0.001255705753426
243.0,22.0,0.00022831
243.0,23.0,0.00022831
243.0,24.0,0.000114155
243.0,27.0,0.000114155
243.0,28.0,0.00022831
246.0,1.0,0.001255707009136
246.0,2.0,0.002739723264846
246.0,3.0,0.004452050776266
246.0,4.0,0.0043378955251239994
246.0,5.0,0.0043378955251239994
246.0,6.0,0.006050222031976
246.0,7.0,0.0062785307762659994
246.0,8.0,0.004566204771698
246.0,9.0,0.004794516027408
246.0,10.0,0.005479444269414
246.0,11.0,0.005936065776266
246.0,12.0,0.003767119771698
246.0,13.0,0.006392687031976
246.0,14.0,0.003424653515988
246.0,15.0,0.005593600273982
246.0,16.0,0.00365296502284
246.0,17.0,0.0021689467579939998
246.0,18.0,0.001826482009136
246.0,19.0,0.001826482762562
246.0,20.0,0.001141550753426
246.0,21.0,0.000799086004568
246.0,22.0,0.00034246499999999997
246.0,23.0,0.00022831
246.0,25.0,0.000114155
246.0,26.0,0.000228310251142
246.0,27.0,0.000114155
246.0,29.0,0.000114155
249.0,1.0,0.001712326506852
249.0,2.0,0.002968034520556
249.0,3.0,0.003310499018272
249.0,4.0,0.0035388097716979997
249.0,5.0,0.006735154794538
249.0,6.0,0.006050221529692
249.0,7.0,0.004566204018272
249.0,8.0,0.005365290273981999
249.0,9.0,0.00490867002284
249.0,10.0,0.005022824771698
249.0,11.0,0.004223740525124
249.0,12.0,0.00639268753426
249.0,13.0,0.00410958502284
249.0,14.0,0.004566204018272
249.0,15.0,0.00319634376713
249.0,16.0,0.002739722762562
249.0,17.0,0.002968033013704
249.0,18.0,0.001369862009136
249.0,19.0,0.001255706506852
249.0,20.0,0.0013698605022839999
249.0,21.0,0.000570775753426
249.0,22.0,0.00022831
249.0,23.0,0.00022831
249.0,24.0,0.00045662025114199997
249.0,26.0,0.00045662025114199997
249.0,28.0,0.000114155
252.0,0.0,0.000228310251142
252.0,1.0,0.0009132407534259999
252.0,2.0,0.003424654771698
252.0,3.0,0.0036529627625619997
252.0,4.0,0.003881275273982
252.0,5.0,0.00399543127855
252.0,6.0,0.005479445525124
252.0,7.0,0.005251135273982
252.0,8.0,0.005479445776266
252.0,9.0,0.00445205002284
252.0,10.0,0.005936066780834
252.0,11.0,0.004908673036544
252.0,12.0,0.006278532785402
252.0,13.0,0.003310498013704
252.0,14.0,0.002853879018272
252.0,15.0,0.003196343515988
252.0,16.0,0.00239725876713
252.0,17.0,0.0021689470091359997
252.0,18.0,0.00171232751142
252.0,19.0,0.00091324125571
252.0,20.0,0.001712327762562
252.0,21.0,0.001369862009136
252.0,22.0,0.000684930502284
252.0,23.0,0.000342465502284
252.0,24.0,0.000228310251142
252.0,28.0,0.000114155
252.0,29.0,0.000114155
255.0,0.0,0.000342465753426
255.0,1.0,0.000913241506852
255.0,2.0,0.0026255677625619997
255.0,3.0,0.0035388097716979997
255.0,4.0,0.00353881127855
255.0,5.0,0.005479446529692
255.0,6.0,0.005821910776266
255.0,7.0,0.0062785302739819995
255.0,8.0,0.005821910776266
255.0,9.0,0.004908669269414
255.0,10.0,0.006278532785402
255.0,11.0,0.004680359018272
255.0,12.0,0.00525113753426
255.0,13.0,0.00559360002284
255.0,14.0,0.004223741027408
255.0,15.0,0.004337894269414
255.0,16.0,0.0030821877625619998
255.0,17.0,0.002511411757994
255.0,18.0,0.001826483013704
255.0,19.0,0.001712326757994
255.0,20.0,0.00102739625571
255.0,21.0,0.00022831
255.0,22.0,0.000342465502284
255.0,23.0,0.00022831
255.0,24.0,0.000228310251142
255.0,25.0,0.000114155
255.0,27.0,0.000114155
255.0,29.0,0.000114155
255.0,32.0,0.000114155
258.0,0.0,0.00045662
258.0,1.0,0.0009132405022839999
258.0,2.0,0.00331049876713
258.0,3.0,0.003995429520556
258.0,4.0,0.00399543127855
258.0,5.0,0.004109584771698
258.0,6.0,0.005479445273982
258.0,7.0,0.005479444520556
258.0,8.0,0.006050221027408
258.0,9.0,0.0047945147716979995
258.0,10.0,0.006392685776266
258.0,11.0,0.00376712002284
258.0,12.0,0.005136981027408
258.0,13.0,0.004680360525124
258.0,14.0,0.003310498515988
258.0,15.0,0.003424653515988
258.0,16.0,0.004109585273982
258.0,17.0,0.002054791757994
258.0,18.0,0.001940638515988
258.0,19.0,0.001141550753426
258.0,20.0,0.001027396004568
258.0,21.0,0.0009132405022839999
258.0,22.0,0.001027395502284
258.0,23.0,0.000228310251142
258.0,24.0,0.000228310502284
258.0,25.0,0.00022831
258.0,27.0,0.000114155251142
258.0,29.0,0.000114155
261.0,0.0,0.000114155
261.0,1.0,0.001484016757994
261.0,2.0,0.002853878013704
261.0,3.0,0.0035388090182719998
261.0,4.0,0.00502282753426
261.0,5.0,0.005136981529692
261.0,6.0,0.006050220525124
261.0,7.0,0.005136980273982
261.0,8.0,0.004680359269414
261.0,9.0,0.004908670776266
261.0,10.0,0.005593602283118
261.0,11.0,0.004566204771698
261.0,12.0,0.00468036002284
261.0,13.0,0.00502282502284
261.0,14.0,0.004566204771698
261.0,15.0,0.0030821895205559997
261.0,16.0,0.002054792009136
261.0,17.0,0.002853878264846
261.0,18.0,0.00216894876713
261.0,19.0,0.0021689475114199997
261.0,20.0,0.000684931004568
261.0,21.0,0.0005707752511419999
261.0,22.0,0.000456620753426
261.0,23.0,0.00022831
261.0,24.0,0.000342465251142
261.0,27.0,0.000114155251142
261.0,28.0,0.000114155
261.0,34.0,0.000114155
264.0,0.0,0.000114155251142
264.0,1.0,0.0011415505022839998
264.0,2.0,0.00319634376713
264.0,3.0,0.003310498515988
264.0,4.0,0.005136980776266
264.0,5.0,0.004794516027408
264.0,6.0,0.006278530525124
264.0,7.0,0.005593600525124
264.0,8.0,0.005593602283118
264.0,9.0,0.00547944753426
264.0,10.0,0.007876701278549999
264.0,11.0,0.005022825776266
264.0,12.0,0.004680359771698
264.0,13.0,0.0042237417808339995
264.0,14.0,0.001940638515988
264.0,15.0,0.0035388085159879998
264.0,16.0,0.003424654520556
264.0,17.0,0.002054793013704
264.0,18.0,0.002054792762562
264.0,19.0,0.00079908625571
264.0,20.0,0.0006849302511419999
264.0,21.0,0.000342465502284
264.0,22.0,0.000342465502284
264.0,23.0,0.000342465502284
264.0,24.0,0.000114155251142
264.0,25.0,0.000342465502284
264.0,28.0,0.000114155251142
264.0,31.0,0.000114155
267.0,0.0,0.000114155
267.0,1.0,0.001598171757994
267.0,2.0,0.003196344520556
267.0,3.0,0.004109584771698
267.0,4.0,0.004794516529692
267.0,5.0,0.005936069292254
267.0,6.0,0.00502282502284
267.0,7.0,0.004109585776266
267.0,8.0,0.006392687031976
267.0,9.0,0.006849306529692
267.0,10.0,0.006278531780833999
267.0,11.0,0.005593601529692
267.0,12.0,0.006050220776266
267.0,13.0,0.00456620502284
267.0,14.0,0.002739723515988
267.0,15.0,0.002283102762562
267.0,16.0,0.002739722260278
267.0,17.0,0.0021689470091359997
267.0,18.0,0.0018264817579939998
267.0,19.0,0.00136986125571
267.0,20.0,0.000684930753426
267.0,21.0,0.000456620502284
267.0,22.0,0.000456620502284
267.0,23.0,0.000228310251142
267.0,24.0,0.000228310251142
267.0,25.0,0.000114155251142
267.0,36.0,0.000114155
270.0,0.0,0.000114155
270.0,1.0,0.001826482260278
270.0,2.0,0.003652964520556
270.0,3.0,0.0036529635159879997
270.0,4.0,0.0046803610274079996
270.0,5.0,0.005136983036544
270.0,6.0,0.004794516027408
270.0,7.0,0.007077618287686
270.0,8.0,0.006849308036544
270.0,9.0,0.004908669520555999
270.0,10.0,0.005593601027408
270.0,11.0,0.006506842031976
270.0,12.0,0.004452051027408
270.0,13.0,0.005365291780834
270.0,14.0,0.003652964771698
270.0,15.0,0.003196344018272
270.0,16.0,0.001712327009136
270.0,17.0,0.002739723515988
270.0,18.0,0.001598171757994
270.0,19.0,0.00148401625571
270.0,20.0,0.0015981715068519998
270.0,21.0,0.000684930502284
270.0,22.0,0.000456620502284
270.0,23.0,0.000684931004568
270.0,24.0,0.0007990857534259999
270.0,25.0,0.00034246499999999997
273.0,0.0,0.000228310502284
273.0,1.0,0.000913241004568
273.0,2.0,0.003424654269414
273.0,3.0,0.003424655273982
273.0,4.0,0.004452050273982
273.0,5.0,0.005936067031976
273.0,6.0,0.006164377283118
273.0,7.0,0.005136980525124
273.0,8.0,0.005251135273982
273.0,9.0,0.007420084543396
273.0,10.0,0.006620995525124
273.0,11.0,0.005251134269414
273.0,12.0,0.0051369817808339996
273.0,13.0,0.004680360776266
273.0,14.0,0.0043378955251239994
273.0,15.0,0.003767119771698
273.0,16.0,0.002283102762562
273.0,17.0,0.001712327260278
273.0,18.0,0.001712326757994
273.0,19.0,0.000456620502284
273.0,20.0,0.00102739625571
273.0,21.0,0.000570775753426
273.0,22.0,0.000570776004568
273.0,23.0,0.000228310502284
273.0,24.0,0.000342465251142
273.0,25.0,0.000114155251142
276.0,0.0,0.000114155
276.0,1.0,0.001712326506852
276.0,2.0,0.003881275273982
276.0,3.0,0.004794516780834
276.0,4.0,0.004566205273982
276.0,5.0,0.003881276027408
276.0,6.0,0.004566206027408
276.0,7.0,0.0057077567808339995
276.0,8.0,0.005251135273982
276.0,9.0,0.0060502237899699995
276.0,10.0,0.00833332378997
276.0,11.0,0.006506843036544
276.0,12.0,0.006050223538828
276.0,13.0,0.004452050776266
276.0,14.0,0.0030821892694139997
276.0,15.0,0.0030821877625619998
276.0,16.0,0.001712327009136
276.0,17.0,0.0009132407534259999
276.0,18.0,0.001940638013704
276.0,19.0,0.001369861506852
276.0,20.0,0.000456620502284
276.0,21.0,0.000799086004568
276.0,22.0,0.000684931506852
276.0,23.0,0.000228310502284
276.0,24.0,0.000114155251142
276.0,39.0,0.000114155
279.0,0.0,0.000114155251142
279.0,1.0,0.001255707009136
279.0,2.0,0.002739723264846
279.0,3.0,0.0035388100228399997
279.0,4.0,0.005821911780834
279.0,5.0,0.005365290525124
279.0,6.0,0.0057077567808339995
279.0,7.0,0.006278534041112
279.0,8.0,0.004566205525124
279.0,9.0,0.006050222031976
279.0,10.0,0.005136980525124
279.0,11.0,0.0043378955251239994
279.0,12.0,0.005707758036544
279.0,13.0,0.002968033264846
279.0,14.0,0.003196343515988
279.0,15.0,0.002625569018272
279.0,16.0,0.002283103515988
279.0,17.0,0.00182648251142
279.0,18.0,0.001369862260278
279.0,19.0,0.00079908625571
279.0,20.0,0.001255707009136
279.0,21.0,0.000570775753426
279.0,22.0,0.00091324125571
279.0,23.0,0.000570776004568
279.0,26.0,0.000114155251142
279.0,30.0,0.000114155
282.0,0.0,0.000570775753426
282.0,1.0,0.0015981715068519998
282.0,2.0,0.002968033264846
282.0,3.0,0.00468036127855
282.0,4.0,0.004109585525124
282.0,5.0,0.004794515525124
282.0,6.0,0.0061643775342599995
282.0,7.0,0.0047945157762659995
282.0,8.0,0.0066209987899699995
282.0,9.0,0.006278533036544
282.0,10.0,0.004337895273982
282.0,11.0,0.004337896529692
282.0,12.0,0.004337895776266
282.0,13.0,0.002853878264846
282.0,14.0,0.003310499771698
282.0,15.0,0.00319634502284
282.0,16.0,0.00262556876713
282.0,17.0,0.001255707009136
282.0,18.0,0.001369861757994
282.0,19.0,0.000799086004568
282.0,20.0,0.0009132407534259999
282.0,21.0,0.000913241757994
282.0,22.0,0.000114155251142
282.0,23.0,0.00034246499999999997
282.0,24.0,0.000114155
282.0,25.0,0.000114155
282.0,26.0,0.000114155251142
285.0,0.0,0.000228310251142
285.0,1.0,0.00114155125571
285.0,2.0,0.00251141251142
285.0,3.0,0.004223739269414
285.0,4.0,0.00536529127855
285.0,5.0,0.004908671027408
285.0,6.0,0.00627853253426
285.0,7.0,0.005707757031976
285.0,8.0,0.00616437627855
285.0,9.0,0.004452050273982
285.0,10.0,0.005365290776265999
285.0,11.0,0.0061643780365439995
285.0,12.0,0.00479451753426
285.0,13.0,0.00479451753426
285.0,14.0,0.00365296502284
285.0,15.0,0.002968033515988
285.0,16.0,0.00182648251142
285.0,17.0,0.001484016506852
285.0,18.0,0.00045662025114199997
285.0,19.0,0.000799086004568
285.0,20.0,0.000228310251142
285.0,21.0,0.000342465502284
285.0,22.0,0.000684930753426
285.0,23.0,0.000456620502284
285.0,24.0,0.000342465251142
285.0,25.0,0.000228310251142
285.0,26.0,0.000114155
285.0,27.0,0.000114155251142
288.0,0.0,0.000114155
288.0,1.0,0.00102739625571
288.0,2.0,0.002283102260278
288.0,3.0,0.003652964520556
288.0,4.0,0.0036529635159879997
288.0,5.0,0.0060502237899699995
288.0,6.0,0.005365293287686
288.0,7.0,0.0051369822831179995
288.0,8.0,0.00547944627855
288.0,9.0,0.005821910273982
288.0,10.0,0.005593601780834
288.0,11.0,0.0055936030365439995
288.0,12.0,0.005022827785402
288.0,13.0,0.003196345525124
288.0,14.0,0.0035388105251239997
288.0,15.0,0.002511414018272
288.0,16.0,0.001826482260278
288.0,17.0,0.001484016506852
288.0,18.0,0.002283103515988
288.0,19.0,0.0007990855022839999
288.0,20.0,0.00045662025114199997
288.0,21.0,0.00045662025114199997
288.0,22.0,0.000570776004568
288.0,23.0,0.00045662
288.0,27.0,0.000114155
288.0,28.0,0.000342465753426
288.0,29.0,0.000114155251142
288.0,30.0,0.000228310251142
291.0,0.0,0.000456621004568
291.0,1.0,0.001712326506852
291.0,2.0,0.002968034269414
291.0,3.0,0.003196344269414
291.0,4.0,0.00559360002284
291.0,5.0,0.004337897031976
291.0,6.0,0.006963464794538
291.0,7.0,0.005365294292254
291.0,8.0,0.0055936040411119995
291.0,9.0,0.005821913538828
291.0,10.0,0.006050222283118
291.0,11.0,0.004566205273982
291.0,12.0,0.004566206780834
291.0,13.0,0.003424654520556
291.0,14.0,0.00216894876713
291.0,15.0,0.002397258515988
291.0,16.0,0.002054793264846
291.0,17.0,0.001940637762562
291.0,18.0,0.001712326004568
291.0,19.0,0.000456620753426
291.0,20.0,0.000456620502284
291.0,21.0,0.000114155251142
291.0,22.0,0.000228310502284
291.0,23.0,0.000114155
291.0,25.0,0.000114155
291.0,27.0,0.000114155251142
291.0,28.0,0.000228310502284
291.0,30.0,0.000114155
291.0,32.0,0.000114155
291.0,38.0,0.000114155
294.0,1.0,0.00136986125571
294.0,2.0,0.002853878515988
294.0,3.0,0.0021689475114199997
294.0,4.0,0.003881275525124
294.0,5.0,0.006050223036544
294.0,6.0,0.005936069543396
294.0,7.0,0.00593606878997
294.0,8.0,0.007648394292254
294.0,9.0,0.00547944627855
294.0,10.0,0.004566204771698
294.0,11.0,0.00365296502284
294.0,12.0,0.0030821897716979997
294.0,13.0,0.001826483515988
294.0,14.0,0.002511413264846
294.0,15.0,0.0018264812557099999
294.0,16.0,0.00171232751142
294.0,17.0,0.001141552009136
294.0,18.0,0.00102739625571
294.0,19.0,0.000342465753426
294.0,20.0,0.000342465753426
294.0,21.0,0.000114155251142
294.0,22.0,0.00022831
294.0,24.0,0.000114155251142
294.0,25.0,0.000114155251142
297.0,0.0,0.000114155
297.0,1.0,0.001255706757994
297.0,2.0,0.002853879520556
297.0,3.0,0.003767120525124
297.0,4.0,0.006278533538828
297.0,5.0,0.008333325547964
297.0,6.0,0.006050223538828
297.0,7.0,0.00502282753426
297.0,8.0,0.004109586027408
297.0,9.0,0.004566205273982
297.0,10.0,0.00547944502284
297.0,11.0,0.0030821895205559997
297.0,12.0,0.003995430273982
297.0,13.0,0.003310499771698
297.0,14.0,0.00159817251142
297.0,15.0,0.00102739625571
297.0,16.0,0.001369861757994
297.0,17.0,0.0007990857534259999
297.0,18.0,0.0007990857534259999
297.0,19.0,0.00045662025114199997
297.0,20.0,0.000456621004568
297.0,21.0,0.000114155
297.0,23.0,0.000342465251142
297.0,24.0,0.000114155251142
297.0,26.0,0.000114155251142
297.0,32.0,0.000114155
300.0,0.0,0.000114155
300.0,1.0,0.001484016004568
300.0,2.0,0.00285387876713
300.0,3.0,0.003652964269414
300.0,4.0,0.006050223538828
300.0,5.0,0.00547944753426
300.0,6.0,0.008675792808242
300.0,7.0,0.00513698253426
300.0,8.0,0.005821912031976
300.0,9.0,0.003881275525124
300.0,10.0,0.0030821877625619998
300.0,11.0,0.003424655525124
300.0,12.0,0.0035388100228399997
300.0,13.0,0.0030821895205559997
300.0,14.0,0.001598171757994
300.0,15.0,0.001255706757994
300.0,16.0,0.001027395502284
300.0,17.0,0.00182648251142
300.0,18.0,0.001027396506852
300.0,19.0,0.000456621004568
300.0,20.0,0.000342465251142
300.0,21.0,0.000228310251142
300.0,22.0,0.000570775753426
300.0,24.0,0.000114155251142
300.0,25.0,0.000114155251142
300.0,26.0,0.000114155251142
300.0,30.0,0.000114155
303.0,0.0,0.000114155
303.0,1.0,0.002283102009136
303.0,2.0,0.002739723264846
303.0,3.0,0.00342465376713
303.0,4.0,0.007191774292253999
303.0,5.0,0.007990862054816
303.0,6.0,0.008219168287685999
303.0,7.0,0.006621000296821999
303.0,8.0,0.005022827031976
303.0,9.0,0.003652964520556
303.0,10.0,0.004908672785402
303.0,11.0,0.0042237402739819995
303.0,12.0,0.003424654269414
303.0,13.0,0.00171232751142
303.0,14.0,0.002168948013704
303.0,15.0,0.000913241004568
303.0,16.0,0.000913241004568
303.0,17.0,0.000799086004568
303.0,18.0,0.000570775502284
303.0,19.0,0.000456620753426
303.0,20.0,0.000456620502284
303.0,21.0,0.000342465502284
303.0,22.0,0.000114155251142
303.0,23.0,0.000342465251142
303.0,24.0,0.000114155251142
303.0,25.0,0.000114155
303.0,26.0,0.000114155251142
303.0,31.0,0.000114155
306.0,1.0,0.0015981712557099998
306.0,2.0,0.004566205525124
306.0,3.0,0.005707757031976
306.0,4.0,0.0062785307762659994
306.0,5.0,0.006050223036544
306.0,6.0,0.007990862808241999
306.0,7.0,0.007762552808242
306.0,8.0,0.004908671780834
306.0,9.0,0.003310499018272
306.0,10.0,0.004223742283118
306.0,11.0,0.0035388095205559997
306.0,12.0,0.002054792009136
306.0,13.0,0.002511413515988
306.0,14.0,0.001369862009136
306.0,15.0,0.001255706506852
306.0,16.0,0.000570775502284
306.0,17.0,0.00045662025114199997
306.0,18.0,0.0005707752511419999
306.0,19.0,0.000456620502284
306.0,20.0,0.000456620502284
306.0,21.0,0.00045662
306.0,22.0,0.000456620753426
306.0,23.0,0.000114155
306.0,24.0,0.000228310251142
306.0,25.0,0.000228310502284
306.0,29.0,0.000228310251142
306.0,32.0,0.000114155
309.0,0.0,0.000342465251142
309.0,1.0,0.001027396004568
309.0,2.0,0.0026255680137039997
309.0,3.0,0.004908672031976
309.0,4.0,0.006506843538828
309.0,5.0,0.007990860547964
309.0,6.0,0.00742008504568
309.0,7.0,0.0069634663013899995
309.0,8.0,0.006620999041112
309.0,9.0,0.0035388097716979997
309.0,10.0,0.005593601529692
309.0,11.0,0.0030821892694139997
309.0,12.0,0.003767118264846
309.0,13.0,0.002511413515988
309.0,14.0,0.001826483013704
309.0,15.0,0.001255706506852
309.0,16.0,0.002168948013704
309.0,17.0,0.000342465502284
309.0,18.0,0.0007990855022839999
309.0,19.0,0.000342465251142
309.0,20.0,0.0009132407534259999
309.0,21.0,0.000228310502284
309.0,22.0,0.000114155251142
309.0,23.0,0.000799086757994
309.0,24.0,0.000228310502284
309.0,28.0,0.000114155
312.0,0.0,0.000342465251142
312.0,1.0,0.001940637009136
312.0,2.0,0.0026255672602779998
312.0,3.0,0.003995429520556
312.0,4.0,0.006392688538828
312.0,5.0,0.0087899475571
312.0,6.0,0.00913241381281
312.0,7.0,0.00719177504568
312.0,8.0,0.008447482808242
312.0,9.0,0.005365290273981999
312.0,10.0,0.004908670776266
312.0,11.0,0.004223739520556
312.0,12.0,0.0046803615296919995
312.0,13.0,0.0030821885159879998
312.0,14.0,0.00114155125571
312.0,15.0,0.001826483515988
312.0,16.0,0.002397258264846
312.0,17.0,0.000684930753426
312.0,18.0,0.000114155251142
312.0,19.0,0.0005707752511419999
312.0,20.0,0.000342465502284
312.0,22.0,0.000114155251142
312.0,23.0,0.000228310502284
312.0,24.0,0.000228310251142
312.0,27.0,0.000114155251142
312.0,28.0,0.000114155
312.0,29.0,0.000228310251142
312.0,30.0,0.000114155
315.0,0.0,0.000228310251142
315.0,1.0,0.001484017009136
315.0,2.0,0.003310497762562
315.0,3.0,0.004566206529692
315.0,4.0,0.0066209982876859995
315.0,5.0,0.006735154292254
315.0,6.0,0.0070776205479639994
315.0,7.0,0.008105014292254
315.0,8.0,0.008904101050248
315.0,9.0,0.005821911529691999
315.0,10.0,0.003424654520556
315.0,11.0,0.00433789376713
315.0,12.0,0.003995430525124
315.0,13.0,0.002511414520556
315.0,14.0,0.00171232751142
315.0,15.0,0.001369862260278
315.0,16.0,0.002511413013704
315.0,17.0,0.00159817251142
315.0,18.0,0.000570776004568
315.0,19.0,0.00091324125571
315.0,20.0,0.00068493125571
315.0,21.0,0.000456620502284
315.0,22.0,0.000456620502284
315.0,24.0,0.000342465502284
315.0,26.0,0.000228310502284
315.0,27.0,0.000114155251142
315.0,28.0,0.000114155251142
318.0,0.0,0.00045662025114199997
318.0,1.0,0.0015981710045679999
318.0,2.0,0.00285387876713
318.0,3.0,0.0042237397716979996
318.0,4.0,0.0060502232876859996
318.0,5.0,0.00616437878997
318.0,6.0,0.007077620296822
318.0,7.0,0.006050222283118
318.0,8.0,0.008904099543396
318.0,9.0,0.00753424004568
318.0,10.0,0.007990857283118
318.0,11.0,0.003767120273982
318.0,12.0,0.00376712127855
318.0,13.0,0.003196343515988
318.0,14.0,0.00273972502284
318.0,15.0,0.00205479251142
318.0,16.0,0.001826482762562
318.0,17.0,0.0007990857534259999
318.0,18.0,0.00114155125571
318.0,19.0,0.000342465753426
318.0,20.0,0.000570776004568
318.0,21.0,0.000114155251142
318.0,22.0,0.000228310251142
318.0,23.0,0.000342465753426
318.0,24.0,0.000342465251142
318.0,25.0,0.000228310251142
318.0,29.0,0.000114155251142
321.0,0.0,0.000114155251142
321.0,1.0,0.001369862009136
321.0,2.0,0.002853878013704
321.0,3.0,0.005479446027408
321.0,4.0,0.005936068036544
321.0,5.0,0.007762550296822
321.0,6.0,0.007648396803674
321.0,7.0,0.006963462283118
321.0,8.0,0.008333326803674
321.0,9.0,0.008105015799106
321.0,10.0,0.0052511360274079995
321.0,11.0,0.00456620627855
321.0,12.0,0.004452050525124
321.0,13.0,0.003881275273982
321.0,14.0,0.002397259018272
321.0,15.0,0.001826482762562
321.0,16.0,0.00091324125571
321.0,17.0,0.000684930753426
321.0,18.0,0.001027396757994
321.0,19.0,0.000228310502284
321.0,20.0,0.000228310251142
321.0,21.0,0.000913241004568
321.0,22.0,0.000228310251142
324.0,0.0,0.000114155251142
324.0,1.0,0.0015981715068519998
324.0,2.0,0.002853878515988
324.0,3.0,0.004452049269414
324.0,4.0,0.006164379292254
324.0,5.0,0.006735155296822
324.0,6.0,0.007077619292254
324.0,7.0,0.00833332630139
324.0,8.0,0.008105018059384
324.0,9.0,0.00673515378997
324.0,10.0,0.008219168036544
324.0,11.0,0.00593606753426
324.0,12.0,0.006392687031976
324.0,13.0,0.005022826027408
324.0,14.0,0.004452051027408
324.0,15.0,0.001598173013704
324.0,16.0,0.001712327762562
324.0,17.0,0.001712327260278
324.0,18.0,0.0014840180137039999
324.0,19.0,0.001141551757994
324.0,20.0,0.00068493125571
324.0,21.0,0.000456620502284
324.0,22.0,0.000570775753426
324.0,23.0,0.000114155251142
324.0,24.0,0.000114155
324.0,26.0,0.000228310251142
324.0,28.0,0.00022831
324.0,30.0,0.00022831
327.0,0.0,0.000684930502284
327.0,1.0,0.001484017260278
327.0,2.0,0.00331049876713
327.0,3.0,0.005593600525124
327.0,4.0,0.007305929794538
327.0,5.0,0.00662100004568
327.0,6.0,0.008789946803674
327.0,7.0,0.00981734632423
327.0,8.0,0.008561639315094
327.0,9.0,0.007191775296822
327.0,10.0,0.007191773036544
327.0,11.0,0.008333324794538
327.0,12.0,0.006735153538827999
327.0,13.0,0.005251136780834
327.0,14.0,0.005022827031976
327.0,15.0,0.002853878264846
327.0,16.0,0.002054791757994
327.0,17.0,0.001027396506852
327.0,18.0,0.001255707009136
327.0,19.0,0.001598173264846
327.0,20.0,0.00057077625571
327.0,21.0,0.000799086757994
327.0,22.0,0.0007990857534259999
327.0,23.0,0.000342465251142
327.0,25.0,0.000228310251142
327.0,28.0,0.000114155
327.0,29.0,0.000114155251142
330.0,1.0,0.0010273972602779999
330.0,2.0,0.0036529637671299997
330.0,3.0,0.004680361780834
330.0,4.0,0.006278534292254
330.0,5.0,0.00616437878997
330.0,6.0,0.010045654315094
330.0,7.0,0.009703187808242
330.0,8.0,0.013812778858489999
330.0,9.0,0.011187209337934
330.0,10.0,0.009931500319662
330.0,11.0,0.00970318881281
330.0,12.0,0.008219169543396
330.0,13.0,0.009132409543396
330.0,14.0,0.004337894771698
330.0,15.0,0.00331049876713
330.0,16.0,0.003196343264846
330.0,17.0,0.001484017762562
330.0,18.0,0.000684931004568
330.0,19.0,0.000456620753426
330.0,20.0,0.00079908625571
330.0,21.0,0.001141552009136
330.0,22.0,0.00079908625571
330.0,23.0,0.000342465753426
330.0,27.0,0.000114155
330.0,28.0,0.000228310502284
330.0,29.0,0.000228310502284
333.0,0.0,0.000342465502284
333.0,1.0,0.001598171757994
333.0,2.0,0.003995429771698
333.0,3.0,0.00445205002284
333.0,4.0,0.005936068287686
333.0,5.0,0.007762549794538
333.0,6.0,0.009018259315094
333.0,7.0,0.010958897328798
333.0,8.0,0.011529670570804
333.0,9.0,0.012671223082223999
333.0,10.0,0.010045652808242
333.0,11.0,0.009246566803674
333.0,12.0,0.008105013287686
333.0,13.0,0.0043378950228399995
333.0,14.0,0.00331049876713
333.0,15.0,0.002853878515988
333.0,16.0,0.002511413013704
333.0,17.0,0.00228310251142
333.0,18.0,0.0006849302511419999
333.0,19.0,0.0019406387671299999
333.0,20.0,0.001141552260278
333.0,21.0,0.000342465502284
333.0,22.0,0.000114155251142
333.0,23.0,0.000228310251142
333.0,24.0,0.000114155251142
333.0,25.0,0.000456621004568
333.0,26.0,0.000114155251142
333.0,33.0,0.000114155
336.0,1.0,0.001712327260278
336.0,2.0,0.00205479125571
336.0,3.0,0.004566207031976
336.0,4.0,0.00639269004568
336.0,5.0,0.006849309292254
336.0,6.0,0.010388120570804
336.0,7.0,0.01130136132423
336.0,8.0,0.013127842328798
336.0,9.0,0.012899532077656
336.0,10.0,0.012899530570803999
336.0,11.0,0.011301357808241999
336.0,12.0,0.009360722808242
336.0,13.0,0.006849308036544
336.0,14.0,0.004109585273982
336.0,15.0,0.002968032260278
336.0,16.0,0.00308218751142
336.0,17.0,0.00171232625571
336.0,18.0,0.002739723515988
336.0,19.0,0.001255707260278
336.0,20.0,0.000456620502284
336.0,21.0,0.00045662025114199997
336.0,22.0,0.0007990849999999999
336.0,23.0,0.00022831
336.0,25.0,0.000228310502284
336.0,26.0,0.000114155251142
336.0,27.0,0.000114155251142
339.0,0.0,0.000114155
339.0,1.0,0.0015981712557099998
339.0,2.0,0.003995430525124
339.0,3.0,0.004109586027408
339.0,4.0,0.005936069041112
339.0,5.0,0.007876704292254
339.0,6.0,0.010958897328798
339.0,7.0,0.011757983333366
339.0,8.0,0.013356153333365999
339.0,9.0,0.014041086347069999
339.0,10.0,0.010159808059384
339.0,11.0,0.010388119817378
339.0,12.0,0.010045653310525999
339.0,13.0,0.010159804041111999
339.0,14.0,0.006506840525124
339.0,15.0,0.0043378935159879995
339.0,16.0,0.00410958502284
339.0,17.0,0.003082187009136
339.0,18.0,0.001598172009136
339.0,19.0,0.001484017009136
339.0,20.0,0.001141551506852
339.0,21.0,0.00045662025114199997
339.0,22.0,0.0006849302511419999
339.0,23.0,0.0007990855022839999
339.0,24.0,0.000228310502284
339.0,25.0,0.000114155251142
339.0,26.0,0.000228310502284
339.0,32.0,0.000114155
342.0,1.0,0.001255706506852
342.0,2.0,0.002853879018272
342.0,3.0,0.0057077577854019994
342.0,4.0,0.00662100004568
342.0,5.0,0.0101598075571
342.0,6.0,0.00924656630139
342.0,7.0,0.011187206073087999
342.0,8.0,0.012899530570803999
342.0,9.0,0.013013688082223999
342.0,10.0,0.014041084086792
342.0,11.0,0.012785378584508
342.0,12.0,0.008904100799106
342.0,13.0,0.009360721050248
342.0,14.0,0.007420081780834
342.0,15.0,0.004566206027408
342.0,16.0,0.004109585525124
342.0,17.0,0.0035388087671299998
342.0,18.0,0.00159817251142
342.0,19.0,0.001255705502284
342.0,20.0,0.001940637260278
342.0,21.0,0.000342465502284
342.0,22.0,0.000342465502284
342.0,23.0,0.00022831
342.0,24.0,0.000228310251142
342.0,25.0,0.000114155251142
342.0,26.0,0.000228310251142
345.0,1.0,0.002283102009136
345.0,2.0,0.00331050002284
345.0,3.0,0.00399543002284
345.0,4.0,0.006849307283118
345.0,5.0,0.008447482808242
345.0,6.0,0.010958895821945999
345.0,7.0,0.011187204566236
345.0,8.0,0.011872138082224
345.0,9.0,0.012100448082224
345.0,10.0,0.010616429817378
345.0,11.0,0.01175797630139
345.0,12.0,0.011415514566235999
345.0,13.0,0.008219169292253999
345.0,14.0,0.00936071878997
345.0,15.0,0.006278531780833999
345.0,16.0,0.006050221780834
345.0,17.0,0.0051369817808339996
345.0,18.0,0.003424654520556
345.0,19.0,0.001369862009136
345.0,20.0,0.001141552009136
345.0,21.0,0.00057077625571
345.0,22.0,0.000684931506852
345.0,23.0,0.000799086506852
345.0,24.0,0.000114155251142
345.0,25.0,0.000228310502284
345.0,26.0,0.000114155251142
345.0,27.0,0.000114155251142
345.0,28.0,0.000114155251142
345.0,35.0,0.000114155
348.0,0.0,0.000342465502284
348.0,1.0,0.0015981715068519998
348.0,2.0,0.00319634376713
348.0,3.0,0.00479451753426
348.0,4.0,0.00742008378997
348.0,5.0,0.006506843287686
348.0,6.0,0.008447480799106
348.0,7.0,0.010502274566236
348.0,8.0,0.011187208333366
348.0,9.0,0.010730585570804
348.0,10.0,0.012214602077656
348.0,11.0,0.012557063561667999
348.0,12.0,0.011872133310525999
348.0,13.0,0.008675791803674
348.0,14.0,0.007191773036544
348.0,15.0,0.007305929041112
348.0,16.0,0.007876702785402
348.0,17.0,0.004566204269414
348.0,18.0,0.002853878515988
348.0,19.0,0.002283104269414
348.0,20.0,0.00079908625571
348.0,21.0,0.000570776004568
348.0,22.0,0.000456620753426
348.0,23.0,0.0009132405022839999
348.0,24.0,0.000228310251142
348.0,25.0,0.000342465753426
351.0,1.0,0.001712326757994
351.0,2.0,0.0030821892694139997
351.0,3.0,0.005593601529692
351.0,4.0,0.006392688036544
351.0,5.0,0.00684930878997
351.0,6.0,0.00787670630139
351.0,7.0,0.00799086004568
351.0,8.0,0.008789948310526
351.0,9.0,0.009931499063952
351.0,10.0,0.010616429063952
351.0,11.0,0.010730581050248
351.0,12.0,0.01027396130139
351.0,13.0,0.007990860547964
351.0,14.0,0.007420085799106
351.0,15.0,0.009132414315094
351.0,16.0,0.00753424004568
351.0,17.0,0.00388127502284
351.0,18.0,0.004223741027408
351.0,19.0,0.00068493125571
351.0,20.0,0.001141552260278
351.0,21.0,0.000456620753426
351.0,22.0,0.000456621004568
351.0,23.0,0.000342465753426
351.0,24.0,0.000342465753426
351.0,25.0,0.000228310502284
351.0,26.0,0.000456621004568
351.0,27.0,0.000114155251142
354.0,0.0,0.000228310251142
354.0,1.0,0.00159817251142
354.0,2.0,0.0026255677625619997
354.0,3.0,0.00445205002284
354.0,4.0,0.006849307785402
354.0,5.0,0.006164376780834
354.0,6.0,0.009360721803674
354.0,7.0,0.00810501378997
354.0,8.0,0.008904100547964
354.0,9.0,0.008447480799106
354.0,10.0,0.010502274566236
354.0,11.0,0.008105014041112
354.0,12.0,0.006849307283118
354.0,13.0,0.00924656630139
354.0,14.0,0.007876704543396
354.0,15.0,0.0066209977854019995
354.0,16.0,0.006164375776266
354.0,17.0,0.002853878515988
354.0,18.0,0.002054791506852
354.0,19.0,0.001598173264846
354.0,20.0,0.000342465251142
354.0,21.0,0.000228310502284
354.0,22.0,0.000342465753426
354.0,23.0,0.000114155251142
354.0,25.0,0.000228310502284
357.0,0.0,0.000114155
357.0,1.0,0.00159817251142
357.0,2.0,0.003424655273982
357.0,3.0,0.00513698127855
357.0,4.0,0.006392688287686
357.0,5.0,0.0070776195433959995
357.0,6.0,0.007191774543396
357.0,7.0,0.0066209992922539995
357.0,8.0,0.008561634794538
357.0,9.0,0.008561633287685999
357.0,10.0,0.0066209987899699995
357.0,11.0,0.0093607225571
357.0,12.0,0.005022825776266
357.0,13.0,0.007876704041112
357.0,14.0,0.003995430525124
357.0,15.0,0.003196344771698
357.0,16.0,0.002625569269414
357.0,17.0,0.003310498515988
357.0,18.0,0.002168948515988
357.0,19.0,0.000913241757994
357.0,20.0,0.000114155251142
357.0,21.0,0.000342465753426
357.0,22.0,0.000228310502284
360.0,1.0,0.000114155251142
360.0,2.0,0.000114155
360.0,3.0,0.000114155
360.0,4.0,0.000342465753426
360.0,5.0,0.000114155
360.0,6.0,0.000342465251142
360.0,9.0,0.000114155251142
360.0,10.0,0.000114155251142
360.0,14.0,0.000228310502284
